_ABREV._CURSO_CÓDIGO_DISCIPLINA_T_P_I_"CATEGORIA(no curso)"_"CATEGORIA(Geral)"_RECOMENDAÇÃO_"TURNO(D/N)"_"CAMPUS(SA/SB)"_TURMAS_"VAGAS(por turma)"_"VAGAS(total)"_CRÉDITOS_ creditos redução  aulas teóricas/ práticas_"Tipo de laboratório(seco, úmido ou informática)Informar se demanda um laboratório específico"_"Uso do laboratório(semanal ou quinzenal)"_"OBSERVAÇÃO(se houver)"
_BCC_Bacharelado em Ciência da Computação_MC3304_Sistemas Digitais_2_2_4_Obrigatória_Obrigatória_Não há_D_SA_1_70_70_4_4_Informática_Semanal_
_BCC_Bacharelado em Ciência da Computação_MC3304_Sistemas Digitais_2_2_4_Obrigatória_Obrigatória_Não há_N_SA_1_70_70_4_4_Informática_Semanal_
_BCC_Bacharelado em Ciência da Computação_BC1424_Algoritmos e Estruturas de Dados I_2_2_4_Obrigatória_Obrigatória_Programação Orientada a Objetos_D_SA_1_70_70_4_4_Informática_Semanal_
_BCC_Bacharelado em Ciência da Computação_BC1424_Algoritmos e Estruturas de Dados I_2_2_4_Obrigatória_Obrigatória_Programação Orientada a Objetos_N_SA_1_70_70_4_4_Informática_Semanal_
_BCC_Bacharelado em Ciência da Computação_BC1425_Álgebra Linear_6_0_5_Obrigatória_Obrigatória_Geometria Analítica_D_SA_1_70_70_6_6___
_BCC_Bacharelado em Ciência da Computação_BC1425_Álgebra Linear_6_0_5_Obrigatória_Obrigatória_Geometria Analítica_N_SA_1_70_70_6_6___
_BCC_Bacharelado em Ciência da Computação_BC1426_Lógica Básica_4_0_4_Obrigatória_Obrigatória_Bases Epistemológicas da Ciência Moderna; Funções de uma Variável_D_SA_1_70_70_4_4___
_BCC_Bacharelado em Ciência da Computação_BC1426_Lógica Básica_4_0_4_Obrigatória_Obrigatória_Bases Epistemológicas da Ciência Moderna; Funções de uma Variável_N_SA_1_70_70_4_4___
_BCC_Bacharelado em Ciência da Computação_BC1513_Redes de Computadores_3_1_4_Obrigatória_Obrigatória_Processamento da Informação_D_SA_1_70_70_4_4_Informática_Semanal_
_BCC_Bacharelado em Ciência da Computação_BC1513_Redes de Computadores_3_1_4_Obrigatória_Obrigatória_Processamento da Informação_N_SA_1_70_70_4_4_Informática_Semanal_
_BCC_Bacharelado em Ciência da Computação_BC1435_Análise de Algoritmos_4_0_4_Obrigatória_Obrigatória_Algoritmos e Estruturas de Dados I_D_SA_1_70_70_4_4___
_BCC_Bacharelado em Ciência da Computação_BC1435_Análise de Algoritmos_4_0_4_Obrigatória_Obrigatória_Algoritmos e Estruturas de Dados I_N_SA_1_70_70_4_4_Informática_Semanal_
_BCC_Bacharelado em Ciência da Computação_MC3201_Compiladores_3_1_4_Obrigatória_Obrigatória_Linguagens Formais e Automata_D_SA_1_70_70_4_4_Informática_Semanal_
_BCC_Bacharelado em Ciência da Computação_MC3201_Compiladores_3_1_4_Obrigatória_Obrigatória_Linguagens Formais e Automata_N_SA_1_70_70_4_4_Informática_Semanal_
_BCC_Bacharelado em Ciência da Computação_BC1508_Engenharia de Software_4_2_4_Obrigatória_Obrigatória_Algoritmos e Estruturas de Dados I_D_SA_1_70_70_6_6_Informática_Semanal_
_BCC_Bacharelado em Ciência da Computação_BC1508_Engenharia de Software_4_2_4_Obrigatória_Obrigatória_Algoritmos e Estruturas de Dados I_N_SA_1_70_70_6_6_Informática_Semanal_
_BCC_Bacharelado em Ciência da Computação_MC3307_Computadores, Ética e Sociedade_2_0_4_Obrigatória_Obrigatória_Não há_D_SA_1_70_70_2_2_Informática_Semanal_
_BCC_Bacharelado em Ciência da Computação_MC3307_Computadores, Ética e Sociedade_2_0_4_Obrigatória_Obrigatória_Não há_N_SA_1_70_70_2_2___
_BCC_Bacharelado em Ciência da Computação_MC7110_Estágio Supervisionado em Computação I_8_0_8_Obrigatória_Obrigatória_Não há_N_SA_1_70_70_3_3___
_BCC_Bacharelado em Ciência da Computação_MC7110_Estágio Supervisionado em Computação I_8_0_8_Obrigatória_Obrigatória_Não há_D_SA_1_70_70_3_3___
_BCC_Bacharelado em Ciência da Computação_MC3104_Projeto de Graduação em Computação I_8_0_8_Obrigatória_Obrigatória_Não há_D_SA_1_70_70_8_8___
_BCC_Bacharelado em Ciência da Computação_MC3104_Projeto de Graduação em Computação I_8_0_8_Obrigatória_Obrigatória_Não há_N_SA_1_70_70_8_8___
_BCC_Bacharelado em Ciência da Computação__Disciplina de Opção Limitada I (a ser definida) _2_2_4_Opção Limitada_Opção Limitada__N_SA_1_70_70_4_4_Informática_Semanal_
_BCC_Bacharelado em Ciência da Computação__Disciplina de Opção Limitada I (a ser definida)_2_2_4_Opção Limitada_Opção Limitada___SA_1_70_70_4_0_Informática_Semanal_
_BCC_Bacharelado em Ciência da Computação__Disciplina de Opção Limitada II (a ser definida)_2_2_4_Opção Limitada_Opção Limitada___SA_1_70_70_4_0_Informática_Semanal_
_BCC_Bacharelado em Ciência da Computação__Disciplina de Opção Limitada II (a ser definida) _2_2_4_Opção Limitada_Opção Limitada___SA_1_70_70_4_0_Informática_Semanal_
_BCC_Bacharelado em Ciência da Computação__Disciplina de Opção Limitada III (a ser definida)_2_2_4_Opção Limitada_Opção Limitada___SA_1_70_70_4_0_Informática_Semanal_
_BCC_Bacharelado em Ciência da Computação__Disciplina de Opção Limitada III (a ser definida)_2_2_4_Opção Limitada_Opção Limitada___SA_1_70_70_4_0_Informática_Semanal_
_BCT_Bacharelado em Ciência e Tecnologia_BC0002_Projeto Dirigido_0_2_10_Obrigatória_Obrigatória_Não há_D_SA_5_45_225_10_10___
_BCT_Bacharelado em Ciência e Tecnologia_BC0002_Projeto Dirigido_0_2_10_Obrigatória_Obrigatória_Não há_N_SA_5_45_225_10_10___
_BCT_Bacharelado em Ciência e Tecnologia_BC0002_Projeto Dirigido_0_2_10_Obrigatória_Obrigatória_Não há_D_SB_1_45_45_2_2___
_BCT_Bacharelado em Ciência e Tecnologia_BC0002_Projeto Dirigido_0_2_10_Obrigatória_Obrigatória_Não há_N_SB_1_45_45_2_2___
_BCT_Bacharelado em Ciência e Tecnologia_BC0003_Bases Matemáticas_4_0_5_Obrigatória_Obrigatória_Não há_N_SA_1_90_90_4_4___
_BCT_Bacharelado em Ciência e Tecnologia_BC0003_Bases Matemáticas_4_0_5_Obrigatória_Obrigatória_Não há_N_SB_1_90_90_4_4___
_BCT_Bacharelado em Ciência e Tecnologia_BC0004_Bases Epistemológicas da Ciência Moderna_3_0_4_Obrigatória_Obrigatória_Não há_D_SA_4_90_360_12_12___
_BCT_Bacharelado em Ciência e Tecnologia_BC0004_Bases Epistemológicas da Ciência Moderna_3_0_4_Obrigatória_Obrigatória_Não há_N_SA_4_90_360_12_12___
_BCT_Bacharelado em Ciência e Tecnologia_BC0004_Bases Epistemológicas da Ciência Moderna_3_0_4_Obrigatória_Obrigatória_Não há_D_SB_2_90_180_6_6___
_BCT_Bacharelado em Ciência e Tecnologia_BC0004_Bases Epistemológicas da Ciência Moderna_3_0_4_Obrigatória_Obrigatória_Não há_N_SB_2_90_180_6_6___
_BCT_Bacharelado em Ciência e Tecnologia_BC0005_Bases Computacionais da Ciência_0_2_2_Obrigatória_Obrigatória_Não há_D_SA_1_30_30_2_2_Informática__
_BCT_Bacharelado em Ciência e Tecnologia_BC0005_Bases Computacionais da Ciência_0_2_2_Obrigatória_Obrigatória_Não há_N_SA_1_30_30_2_2_Informática__
_BCT_Bacharelado em Ciência e Tecnologia_BC0102_Estrutura da Matéria_3_0_4_Obrigatória_Obrigatória_Não há_D_SA_1_90_90_3_3___
_BCT_Bacharelado em Ciência e Tecnologia_BC0102_Estrutura da Matéria_3_0_4_Obrigatória_Obrigatória_Não há_N_SA_1_90_90_3_3___
_BCT_Bacharelado em Ciência e Tecnologia_BC0103_Física Quântica_3_0_4_Obrigatória_Obrigatória_Não há_D_SA_1_90_90_3_3___
_BCT_Bacharelado em Ciência e Tecnologia_BC0103_Física Quântica_3_0_4_Obrigatória_Obrigatória_Não há_N_SA_1_90_90_3_3___
_BCT_Bacharelado em Ciência e Tecnologia_BC0103_Física Quântica_3_0_4_Obrigatória_Obrigatória_Não há_D_SB_1_90_90_3_3___
_BCT_Bacharelado em Ciência e Tecnologia_BC0103_Física Quântica_3_0_4_Obrigatória_Obrigatória_Não há_N_SB_1_90_90_3_3___
_BCT_Bacharelado em Ciência e Tecnologia_BC0104_Interações Atômicas e Moleculares_3_0_4_Obrigatória_Obrigatória_Estrutura da Matéria; Transformações Químicas; Física Quântica_D_SA_4_100_400_12_12___
_BCT_Bacharelado em Ciência e Tecnologia_BC0104_Interações Atômicas e Moleculares_3_0_4_Obrigatória_Obrigatória_Estrutura da Matéria; Transformações Químicas; Física Quântica_N_SA_4_100_400_12_12___
_BCT_Bacharelado em Ciência e Tecnologia_BC0104_Interações Atômicas e Moleculares_3_0_4_Obrigatória_Obrigatória_Estrutura da Matéria; Transformações Químicas; Física Quântica_D_SB_2_90_180_6_6___
_BCT_Bacharelado em Ciência e Tecnologia_BC0104_Interações Atômicas e Moleculares_3_0_4_Obrigatória_Obrigatória_Estrutura da Matéria; Transformações Químicas; Física Quântica_N_SB_2_90_180_6_6___
_BCT_Bacharelado em Ciência e Tecnologia_BC0205_Fenômenos Térmicos_3_1_4_Obrigatória_Obrigatória_Não há_D_SA_5_90_450_60_30_Seco__
_BCT_Bacharelado em Ciência e Tecnologia_BC0205_Fenômenos Térmicos_3_1_4_Obrigatória_Obrigatória_Não há_N_SA_5_90_450_60_30_Seco__
_BCT_Bacharelado em Ciência e Tecnologia_BC0205_Fenômenos Térmicos_3_1_4_Obrigatória_Obrigatória_Não há_D_SB_2_90_180_24_12_Seco__
_BCT_Bacharelado em Ciência e Tecnologia_BC0205_Fenômenos Térmicos_3_1_4_Obrigatória_Obrigatória_Não há_N_SB_2_90_180_24_12_Seco__
_BCT_Bacharelado em Ciência e Tecnologia_BC0208_Fenômenos Mecânicos_3_2_6_Obrigatória_Obrigatória_Não há_D_SA_2_90_180_30_18_Seco__
_BCT_Bacharelado em Ciência e Tecnologia_BC0208_Fenômenos Mecânicos_3_2_6_Obrigatória_Obrigatória_Não há_N_SA_2_90_180_30_18_Seco__
_BCT_Bacharelado em Ciência e Tecnologia_BC0208_Fenômenos Mecânicos_3_2_6_Obrigatória_Obrigatória_Não há_D_SB_1_90_90_15_9_Seco__
_BCT_Bacharelado em Ciência e Tecnologia_BC0208_Fenômenos Mecânicos_3_2_6_Obrigatória_Obrigatória_Não há_N_SB_1_90_90_15_15_Seco__
_BCT_Bacharelado em Ciência e Tecnologia_BC0304_Origem da Vida e Diversidade dos Seres Vivos_3_0_4_Obrigatória_Obrigatória_Não há_N_SA_1_90_90_3_3___
_BCT_Bacharelado em Ciência e Tecnologia_BC0304_Origem da Vida e Diversidade dos Seres Vivos_3_0_4_Obrigatória_Obrigatória_Não há_N_SB_1_90_90_3_3___
_BCT_Bacharelado em Ciência e Tecnologia_BC0306_Transformações nos Seres Vivos e Ambiente_3_0_4_Obrigatória_Obrigatória_Não há_D_SA_1_90_90_3_3___
_BCT_Bacharelado em Ciência e Tecnologia_BC0306_Transformações nos Seres Vivos e Ambiente_3_0_4_Obrigatória_Obrigatória_Não há_N_SA_1_90_90_3_3___
_BCT_Bacharelado em Ciência e Tecnologia_BC0306_Transformações nos Seres Vivos e Ambiente_3_0_4_Obrigatória_Obrigatória_Não há_D_SB_1_90_90_3_3___
_BCT_Bacharelado em Ciência e Tecnologia_BC0306_Transformações nos Seres Vivos e Ambiente_3_0_4_Obrigatória_Obrigatória_Não há_N_SB_1_90_90_3_3___
_BCT_Bacharelado em Ciência e Tecnologia_BC0307_Transformações Químicas_3_2_6_Obrigatória_Obrigatória_Não há_D_SA_5_90_450_75_45_Úmido__
_BCT_Bacharelado em Ciência e Tecnologia_BC0307_Transformações Químicas_3_2_6_Obrigatória_Obrigatória_Não há_N_SA_5_90_450_75_45_Úmido__
_BCT_Bacharelado em Ciência e Tecnologia_BC0307_Transformações Químicas_3_2_6_Obrigatória_Obrigatória_Não há_D_SB_2_90_180_30_18_Úmido__
_BCT_Bacharelado em Ciência e Tecnologia_BC0307_Transformações Químicas_3_2_6_Obrigatória_Obrigatória_Não há_N_SB_2_90_180_30_18_Úmido__
_BCT_Bacharelado em Ciência e Tecnologia_BC0308_Transformações Bioquímicas_3_2_6_Obrigatória_Obrigatória_Não há_D_SA_1_90_90_15_9_Úmido__
_BCT_Bacharelado em Ciência e Tecnologia_BC0308_Transformações Bioquímicas_3_2_6_Obrigatória_Obrigatória_Não há_N_SA_1_90_90_15_9_Úmido__
_BCT_Bacharelado em Ciência e Tecnologia_BC0308_Transformações Bioquímicas_3_2_6_Obrigatória_Obrigatória_Não há_D_SB_1_90_90_15_9_Úmido__
_BCT_Bacharelado em Ciência e Tecnologia_BC0308_Transformações Bioquímicas_3_2_6_Obrigatória_Obrigatória_Não há_N_SB_1_90_90_15_9_Úmido__
_BCT_Bacharelado em Ciência e Tecnologia_BC0402_Funções de Uma Variável_4_0_6_Obrigatória_Obrigatória_Bases Matemáticas_D_SA_1_90_90_4_4___
_BCT_Bacharelado em Ciência e Tecnologia_BC0402_Funções de Uma Variável_4_0_6_Obrigatória_Obrigatória_Bases Matemáticas_N_SA_2_90_180_8_8___
_BCT_Bacharelado em Ciência e Tecnologia_BC0402_Funções de Uma Variável_4_0_6_Obrigatória_Obrigatória_Bases Matemáticas_D_SB_1_90_90_4_4___
_BCT_Bacharelado em Ciência e Tecnologia_BC0402_Funções de Uma Variável_4_0_6_Obrigatória_Obrigatória_Bases Matemáticas_N_SB_2_90_180_8_8___
_BCT_Bacharelado em Ciência e Tecnologia_BC0404_Geometria Analítica_3_0_6_Obrigatória_Obrigatória_Não há_D_SA_1_90_90_3_3___
_BCT_Bacharelado em Ciência e Tecnologia_BC0404_Geometria Analítica_3_0_6_Obrigatória_Obrigatória_Não há_N_SA_1_90_90_3_3___
_BCT_Bacharelado em Ciência e Tecnologia_BC0404_Geometria Analítica_3_0_6_Obrigatória_Obrigatória_Não há_D_SB_1_90_90_3_3___
_BCT_Bacharelado em Ciência e Tecnologia_BC0404_Geometria Analítica_3_0_6_Obrigatória_Obrigatória_Não há_N_SB_1_90_90_3_3___
_BCT_Bacharelado em Ciência e Tecnologia_BC0405_Introdução às Equações Diferenciais Ordinárias_4_0_4_Obrigatória_Obrigatória_Funções de uma Variável_D_SA_1_90_90_4_4___
_BCT_Bacharelado em Ciência e Tecnologia_BC0405_Introdução às Equações Diferenciais Ordinárias_4_0_4_Obrigatória_Obrigatória_Funções de uma Variável_N_SA_1_90_90_4_4___
_BCT_Bacharelado em Ciência e Tecnologia_BC0405_Introdução às Equações Diferenciais Ordinárias_4_0_4_Obrigatória_Obrigatória_Funções de uma Variável_D_SB_1_90_90_4_4___
_BCT_Bacharelado em Ciência e Tecnologia_BC0405_Introdução às Equações Diferenciais Ordinárias_4_0_4_Obrigatória_Obrigatória_Funções de uma Variável_N_SB_1_90_90_4_4___
_BCT_Bacharelado em Ciência e Tecnologia_BC0406_Introdução à Probabilidade e à Estatística_3_0_4_Obrigatória_Obrigatória_Funções de uma variável_D_SA_1_90_90_3_3___
_BCT_Bacharelado em Ciência e Tecnologia_BC0406_Introdução à Probabilidade e à Estatística_3_0_4_Obrigatória_Obrigatória_Funções de uma variável_N_SA_1_90_90_3_3___
_BCT_Bacharelado em Ciência e Tecnologia_BC0406_Introdução à Probabilidade e à Estatística_3_0_4_Obrigatória_Obrigatória_Funções de uma variável_D_SB_1_90_90_3_3___
_BCT_Bacharelado em Ciência e Tecnologia_BC0406_Introdução à Probabilidade e à Estatística_3_0_4_Obrigatória_Obrigatória_Funções de uma variável_N_SB_1_90_90_3_3___
_BCT_Bacharelado em Ciência e Tecnologia_BC0407_Funções de Várias Variáveis_4_0_4_Obrigatória_Obrigatória_Geometria Analítica; Funções de uma Variável_D_SA_5_90_450_20_20___
_BCT_Bacharelado em Ciência e Tecnologia_BC0407_Funções de Várias Variáveis_4_0_4_Obrigatória_Obrigatória_Geometria Analítica; Funções de uma Variável_N_SA_5_90_450_20_20___
_BCT_Bacharelado em Ciência e Tecnologia_BC0407_Funções de Várias Variáveis_4_0_4_Obrigatória_Obrigatória_Geometria Analítica; Funções de uma Variável_D_SB_2_90_180_8_8___
_BCT_Bacharelado em Ciência e Tecnologia_BC0407_Funções de Várias Variáveis_4_0_4_Obrigatória_Obrigatória_Geometria Analítica; Funções de uma Variável_N_SB_2_90_180_8_8___
_BCT_Bacharelado em Ciência e Tecnologia_BC0504_Natureza da Informação_3_0_4_Obrigatória_Obrigatória_Bases Computacionais da Ciência_D_SA_1_90_90_3_3___
_BCT_Bacharelado em Ciência e Tecnologia_BC0504_Natureza da Informação_3_0_4_Obrigatória_Obrigatória_Bases Computacionais da Ciência_N_SA_1_90_90_3_3___
_BCT_Bacharelado em Ciência e Tecnologia_BC0504_Natureza da Informação_3_0_4_Obrigatória_Obrigatória_Bases Computacionais da Ciência_D_SB_1_90_90_3_3___
_BCT_Bacharelado em Ciência e Tecnologia_BC0504_Natureza da Informação_3_0_4_Obrigatória_Obrigatória_Bases Computacionais da Ciência_N_SB_1_90_90_3_3___
_BCT_Bacharelado em Ciência e Tecnologia_BC0506_Comunicação e Redes_3_0_4_Obrigatória_Obrigatória_Natureza da Informação; Processamento da Informação_D_SA_5_90_450_15_15_Informática__
_BCT_Bacharelado em Ciência e Tecnologia_BC0506_Comunicação e Redes_3_0_4_Obrigatória_Obrigatória_Natureza da Informação; Processamento da Informação_N_SA_5_90_450_15_15_Informática__
_BCT_Bacharelado em Ciência e Tecnologia_BC0506_Comunicação e Redes_3_0_4_Obrigatória_Obrigatória_Natureza da Informação; Processamento da Informação_D_SB_1_90_90_3_3_Informática__
_BCT_Bacharelado em Ciência e Tecnologia_BC0506_Comunicação e Redes_3_0_4_Obrigatória_Obrigatória_Natureza da Informação; Processamento da Informação_N_SB_1_90_90_3_3_Informática__
_BCT_Bacharelado em Ciência e Tecnologia_BC0602_Estrutura e Dinâmica Social_3_0_4_Obrigatória_Obrigatória_Não há_D_SA_1_90_90_3_3___
_BCT_Bacharelado em Ciência e Tecnologia_BC0602_Estrutura e Dinâmica Social_3_0_4_Obrigatória_Obrigatória_Não há_N_SA_1_90_90_3_3___
_BCT_Bacharelado em Ciência e Tecnologia_BC0602_Estrutura e Dinâmica Social_3_0_4_Obrigatória_Obrigatória_Não há_D_SB_2_110_220_6_6___
_BCT_Bacharelado em Ciência e Tecnologia_BC0602_Estrutura e Dinâmica Social_3_0_4_Obrigatória_Obrigatória_Não há_N_SB_2_110_220_6_6___
_BCT_Bacharelado em Ciência e Tecnologia_BC0603_Ciência, Tecnologia e Sociedade_3_0_4_Obrigatória_Obrigatória_Não há_D_SA_2_90_180_6_6___
_BCT_Bacharelado em Ciência e Tecnologia_BC0603_Ciência, Tecnologia e Sociedade_3_0_4_Obrigatória_Obrigatória_Não há_N_SA_2_90_180_6_6___
_BCT_Bacharelado em Ciência e Tecnologia_BC0603_Ciência, Tecnologia e Sociedade_3_0_4_Obrigatória_Obrigatória_Não há_D_SB_2_90_180_6_6___
_BCT_Bacharelado em Ciência e Tecnologia_BC0603_Ciência, Tecnologia e Sociedade_3_0_4_Obrigatória_Obrigatória_Não há_N_SB_2_90_180_6_6___
_BCT_Bacharelado em Ciência e Tecnologia_BC0207_Energia: Origens, Conversão e Uso_2_0_4_Obrigatória_Obrigatória_Não há_D_SA_1_90_90_2_2___
_BCT_Bacharelado em Ciência e Tecnologia_BC0207_Energia: Origens, Conversão e Uso_2_0_4_Obrigatória_Obrigatória_Não há_N_SA_1_90_90_2_2___
_BCT_Bacharelado em Ciência e Tecnologia_BC0207_Energia: Origens, Conversão e Uso_2_0_4_Obrigatória_Obrigatória_Não há_D_SB_1_90_90_2_2___
_BCT_Bacharelado em Ciência e Tecnologia_BC0207_Energia: Origens, Conversão e Uso_2_0_4_Obrigatória_Obrigatória_Não há_N_SB_1_90_90_2_2___
_BCB_Bacharelado em Ciências Biológicas_BC1604_Bioética_2_0_2_Obrigatória_Obrigatória_Não há_D_SA_1_30_30_2_2___
_BCB_Bacharelado em Ciências Biológicas_BC1604_Bioética_2_0_2_Obrigatória_Obrigatória_Não há_N_SA_1_30_30_2_2___
_BCB_Bacharelado em Ciências Biológicas_NH1903_Biologia Animal III_3_2_3_Obrigatória_Obrigatória_Sistemática e Biogeografia; Biologia Animal II_D_SA_1_30_30_5_5_ÚMIDO_SEMANAL_
_BCB_Bacharelado em Ciências Biológicas_NH1903_Biologia Animal III_3_2_3_Obrigatória_Obrigatória_Sistemática e Biogeografia; Biologia Animal II_N_SA_1_30_30_5_5_ÚMIDO_SEMANAL_
_BCB_Bacharelado em Ciências Biológicas_NH1902_Biologia Vegetal III_3_2_3_Obrigatória_Obrigatória_Biologia Vegetal II, Genética Geral, Genética Molecular_D_SA_1_30_30_5_5_ÚMIDO_SEMANAL_
_BCB_Bacharelado em Ciências Biológicas_NH1902_Biologia Vegetal III_3_2_3_Obrigatória_Obrigatória_Biologia Vegetal II, Genética Geral, Genética Molecular_N_SA_1_30_30_5_5_ÚMIDO_SEMANAL_
_BCB_Bacharelado em Ciências Biológicas_BC1315_Genética Geral_3_2_5_Obrigatória_Obrigatória_Biologia Celular_D_SA_1_30_30_5_5_ÚMIDO_SEMANAL_
_BCB_Bacharelado em Ciências Biológicas_BC1315_Genética Geral_3_2_5_Obrigatória_Obrigatória_Biologia Celular_N_SA_1_30_30_5_5_ÚMIDO_SEMANAL_
_BCB_Bacharelado em Ciências Biológicas_NH1603_Geologia e Paleontologia_2_2_4_Obrigatória_Obrigatória_Origem da Vida e Diversidade dos Seres Vivos; Sistemática e Biogeografia_D_SA_1_30_30_4_4_ÚMIDO_SEMANAL_
_BCB_Bacharelado em Ciências Biológicas_NH1603_Geologia e Paleontologia_2_2_4_Obrigatória_Obrigatória_Origem da Vida e Diversidade dos Seres Vivos; Sistemática e Biogeografia_N_SA_1_30_30_4_4_ÚMIDO_SEMANAL_
_BCB_Bacharelado em Ciências Biológicas_BC1606_Microbiologia I_4_2_5_Obrigatória_Obrigatória_Transformações dos Seres Vivos e Ambiente; Biologia Celular; Bioquímica Funcional_D_SA_1_30_30_6_6_ÚMIDO_SEMANAL_
_BCB_Bacharelado em Ciências Biológicas_BC1606_Microbiologia I_4_2_5_Obrigatória_Obrigatória_Transformações dos Seres Vivos e Ambiente; Biologia Celular; Bioquímica Funcional_N_SA_1_30_30_6_6_ÚMIDO_SEMANAL_
_BCB_Bacharelado em Ciências Biológicas_BC1322_Sistemas Biológicos II_4_2_4_Obrigatória_Obrigatória_Biologia Celular; Sistemas Biológicos I_D_SA_1_30_30_6_6_ÚMIDO_SEMANAL_
_BCB_Bacharelado em Ciências Biológicas_BC1322_Sistemas Biológicos II_4_2_4_Obrigatória_Obrigatória_Biologia Celular; Sistemas Biológicos I_N_SA_1_30_30_6_6_ÚMIDO_SEMANAL_
_BCB_Bacharelado em Ciências Biológicas_NH1602_Sistemática e Biogeografia_2_2_4_Obrigatória_Obrigatória_Origem da Vida e Diversidade dos Seres Vivos_D_SA_1_30_30_4_4_INFORMÁTICA_SEMANAL_
_BCB_Bacharelado em Ciências Biológicas_NH1602_Sistemática e Biogeografia_2_2_4_Obrigatória_Obrigatória_Origem da Vida e Diversidade dos Seres Vivos_N_SA_1_30_30_4_4_INFORMÁTICA_SEMANAL_
_BCB_Bacharelado em Ciências Biológicas_NH1017_Trabalho de Conclusão de Curso em Biologia_2_0_2_Obrigatória_Obrigatória_Conclusão do BC&T; disciplinas obrigatórias do curso_D_SA_1_30_30_2_2___
_BCB_Bacharelado em Ciências Biológicas_NH1017_Trabalho de Conclusão de Curso em Biologia_2_0_2_Obrigatória_Obrigatória_Conclusão do BC&T; disciplinas obrigatórias do curso_N_SA_1_30_30_2_2___
_BCB_Bacharelado em Ciências Biológicas_NH1002_Astrobiologia_2_0_2_Opção Limitada_Opção Limitada_Origem da Vida e Diversidade dos Seres Vivos; Transformações Bioquímicas_D_SA_1_30_30_2_2___
_BCB_Bacharelado em Ciências Biológicas_NH1002_Astrobiologia_2_0_2_Opção Limitada_Opção Limitada_Origem da Vida e Diversidade dos Seres Vivos; Transformações Bioquímicas_N_SA_1_30_30_2_2___
_BCB_Bacharelado em Ciências Biológicas_BC1327_Conservação da Biodiversidade_4_0_4_Opção Limitada_Opção Limitada_Transformações dos Seres Vivos; Práticas de Ecologia_D_SA_1_30_30_4_4___
_BCB_Bacharelado em Ciências Biológicas_BC1327_Conservação da Biodiversidade_4_0_4_Opção Limitada_Opção Limitada_Transformações dos Seres Vivos; Práticas de Ecologia_N_SA_1_30_30_4_4___
_BCB_Bacharelado em Ciências Biológicas_NH1012_Parasitologia_3_0_3_Opção Limitada_Opção Limitada_Biologia Animal I; Biologia Animal II_D_SA_1_30_30_3_3___
_BCB_Bacharelado em Ciências Biológicas_NH1012_Parasitologia_3_0_3_Opção Limitada_Opção Limitada_Biologia Animal I; Biologia Animal II_N_SA_1_30_30_3_3___
_BCB_Bacharelado em Ciências Biológicas_NH1006_Ecologia Vegetal_4_0_4_Opção Limitada_Opção Limitada_Transformações dos Seres Vivos; Práticas de Ecologia_D_SA_1_30_30_4_4___
_BCB_Bacharelado em Ciências Biológicas_NH1016_Toxicologia_4_2_4_Opção Limitada_Opção Limitada_Transformações Bioquímicas_N_SA_1_30_30_6_6___
_BCB_Bacharelado em Ciências Biológicas_NH1011_Evolução Molecular_3_0_3_Opção Limitada_Opção Limitada_Origem da Vida e Diversidade dos Seres Vivos; Genética Geral; Genética Molelcular; Evolução_D_SA_1_30_30_3_3_ÚMIDO__
_BCH_Bacharelado em Ciências e Humanidades_BC0002_Projeto Dirigido_0_2_10_Obrigatória_Obrigatória_Não há_D_SB_2_45_90_4_4___
_BCH_Bacharelado em Ciências e Humanidades_BC0002_Projeto Dirigido_0_2_10_Obrigatória_Obrigatória_Não há_N_SB_2_45_90_4_4___
_BCH_Bacharelado em Ciências e Humanidades_BC0004_Bases Epistemológicas da Ciência Moderna_3_0_4_Obrigatória_Obrigatória_Não há_D_SB_2_100_200_6_6___
_BCH_Bacharelado em Ciências e Humanidades_BC0004_Bases Epistemológicas da Ciência Moderna_3_0_4_Obrigatória_Obrigatória_Não há_N_SB_2_100_200_6_6___
_BCH_Bacharelado em Ciências e Humanidades_BC0102_Estrutura da Matéria_3_0_4_Obrigatória_Obrigatória_Não há_D_SB_2_120_240_6_6___
_BCH_Bacharelado em Ciências e Humanidades_BC0102_Estrutura da Matéria_3_0_4_Obrigatória_Obrigatória_Não há_N_SB_2_120_240_6_6___
_BCH_Bacharelado em Ciências e Humanidades_BH0204_Conhecimento e Ética_4_0_4_Obrigatória_Obrigatória_Não há_D_SB_2_100_200_8_8___
_BCH_Bacharelado em Ciências e Humanidades_BH0204_Conhecimento e Ética_4_0_4_Obrigatória_Obrigatória_Não há_N_SB_2_100_200_8_8___
_BCH_Bacharelado em Ciências e Humanidades_BH0301_Território e Sociedade_4_0_4_Obrigatória_Obrigatória_Não há_D_SB_2_100_200_8_8___
_BCH_Bacharelado em Ciências e Humanidades_BH0301_Território e Sociedade_4_0_4_Obrigatória_Obrigatória_Não há_N_SB_2_100_200_8_8___
_BCH_Bacharelado em Ciências e Humanidades_BC0406_Introdução à Probabilidade e à Estatística_3_0_4_Obrigatória_Obrigatória_Funções de uma variável_D_SB_2_100_200_6_6___
_BCH_Bacharelado em Ciências e Humanidades_BC0406_Introdução à Probabilidade e à Estatística_3_0_4_Obrigatória_Obrigatória_Funções de uma variável_N_SB_2_100_200_6_6___
_BCH_Bacharelado em Ciências e Humanidades_BC0005_Bases Computacionais da Ciência_0_2_2_Obrigatória_Obrigatória_Não há_D_SB_1_42_42_2_2_INFORMÁTICA_SEMANAL_
_BCH_Bacharelado em Ciências e Humanidades_BC0005_Bases Computacionais da Ciência_0_2_2_Obrigatória_Obrigatória_Não há_N_SB_2_42_84_4_4_INFORMÁTICA_SEMANAL_
_BCE_Bacharelado em Ciências Econômicas_BH1131_Formação Econômica do Brasil_4_0_4_Obrigatória_Obrigatória_Não há_D_SB_1_90_90_4_4___
_BCE_Bacharelado em Ciências Econômicas_BH1131_Formação Econômica do Brasil_4_0_4_Obrigatória_Obrigatória_Não há_N_SB_1_90_90_4_4___
_BCE_Bacharelado em Ciências Econômicas_BH1130_Microeconomia I_4_0_4_Obrigatória_Obrigatória_Introduçâo à Economia_D_SB_1_90_90_4_4___
_BCE_Bacharelado em Ciências Econômicas_BH1130_Microeconomia I_4_0_4_Obrigatória_Obrigatória_Introduçâo à Economia_N_SB_1_90_90_4_4___
_BCE_Bacharelado em Ciências Econômicas_BH1132_Macroeconomia I_4_0_4_Obrigatória_Obrigatória_Introduçâo à Economia_D_SB_1_90_90_4_4___
_BCE_Bacharelado em Ciências Econômicas_BH1132_Macroeconomia I_4_0_4_Obrigatória_Obrigatória_Introduçâo à Economia_N_SB_1_90_90_4_4___
_BCE_Bacharelado em Ciências Econômicas_BH1112_Economia Internacional I_4_0_4_Obrigatória_Obrigatória_Macroeconomia II_D_SB_1_90_90_4_4___
_BCE_Bacharelado em Ciências Econômicas_BH1112_Economia Internacional I_4_0_4_Obrigatória_Obrigatória_Macroeconomia II_N_SB_1_90_90_4_4___
_BCE_Bacharelado em Ciências Econômicas_BH1114_Econometria II_4_0_3_Obrigatória_Obrigatória_Econometria I_D_SB_1_90_90_4_4_Informática__
_BCE_Bacharelado em Ciências Econômicas_BH1114_Econometria II_4_0_3_Obrigatória_Obrigatória_Econometria I_N_SB_1_90_90_4_4_Informática__
_BCE_Bacharelado em Ciências Econômicas_BH1113_Economia Brasileira Contemporânea II_4_0_3_Obrigatória_Obrigatória_Economia Brasileira Contemporânea I_D_SB_1_90_90_4_4___
_BCE_Bacharelado em Ciências Econômicas_BH1113_Economia Brasileira Contemporânea II_4_0_3_Obrigatória_Obrigatória_Economia Brasileira Contemporânea I_N_SB_1_90_90_4_4___
_BCE_Bacharelado em Ciências Econômicas_BH1106_Finanças Públicas_4_0_4_Obrigatória_Obrigatória__D_SB_1_90_90_4_4___
_BCE_Bacharelado em Ciências Econômicas_BH1106_Finanças Públicas_4_0_4_Obrigatória_Obrigatória__N_SB_1_90_90_4_4___
_BCE_Bacharelado em Ciências Econômicas_bh1115_Economia Internacional II_4_0_4_Obrigatória_Obrigatória_Economia internacional I_D_SB_1_90_90_4_4___
_BCE_Bacharelado em Ciências Econômicas_bh1115_Economia Internacional II_4_0_4_Obrigatória_Obrigatória_Economia internacional I_N_SB_1_90_90_4_4___
_BCE_Bacharelado em Ciências Econômicas_BH1116_Análise Econômica de Projetos_3_0_3_Obrigatória_Obrigatória_Não há_D_SB_1_90_90_3_3___
_BCE_Bacharelado em Ciências Econômicas_BH1116_Análise Econômica de Projetos_3_0_3_Obrigatória_Obrigatória_Não há_N_SB_1_90_90_3_3___
_BCE_Bacharelado em Ciências Econômicas_BH1421_Monografia II_0_9_9_Obrigatória_Obrigatória_Monografia I_D_SB_1_45_45_9_9___
_BCE_Bacharelado em Ciências Econômicas_BH1421_Monografia II_0_9_9_Obrigatória_Obrigatória_Monografia I_N_SB_1_45_45_9_9___
_BCE_Bacharelado em Ciências Econômicas_BH1420_Monografia I _0_8_0_Obrigatória_Obrigatória_Técnicas em Pesquisa_D_SB_1_45_45_8_8___
_BCE_Bacharelado em Ciências Econômicas_BH1420_Monografia I _0_8_0_Obrigatória_Obrigatória_Técnicas em Pesquisa_N_SB_1_45_45_8_8___
erro de categoria_BCE_Bacharelado em Ciências Econômicas_BC1711_Engenharia Econômica_2_1_3_Livre_Obrigatória_Não há__SA_1_90_90_3_3___
_BCE_Bacharelado em Ciências Econômicas_BC0603_Ciência, Tecnologia e Sociedade_3_0_4_Obrigatória_Obrigatória_Não há__SB_1_120_120_3_3___
erro de categoria_BCE_Bacharelado em Ciências Econômicas_BC0002_Projeto Dirigido_0_2_10_Livre_Obrigatória_Não há__SB_1_60_60_2_2___
_BFIL_Bacharelado em Filosofia_BH1308_História da Filosofia Antiga: Platão e o platonismo_4_0_4_Obrigatória_Obrigatória_Não há_D_SB_1_20_20_4_4_Não _Não_
_BFIL_Bacharelado em Filosofia_BH1308_História da Filosofia Antiga: Platão e o platonismo_4_0_4_Obrigatória_Obrigatória_Não há_N_SB_1_20_20_4_4_Não _Não_
_BFIL_Bacharelado em Filosofia_BH1205_Estética_4_0_4_Obrigatória_Obrigatória_Não há_D_SB_1_20_20_4_4_Não _Não_
_BFIL_Bacharelado em Filosofia_BH1205_Estética_4_0_4_Obrigatória_Obrigatória_Não há_N_SB_1_20_20_4_4_Não _Não_
_BFIL_Bacharelado em Filosofia_BH1215_Teoria do Conhecimento: Empirismo versus Racionalismo_4_0_4_Obrigatória_Obrigatória_Não há_D_SB_1_20_20_4_4_Não _Não_
_BFIL_Bacharelado em Filosofia_BH1215_Teoria do Conhecimento: Empirismo versus Racionalismo_4_0_4_Obrigatória_Obrigatória_Não há_N_SB_1_20_20_4_4_Não _Não_
_BFIL_Bacharelado em Filosofia_BH1309_História da Filosofia Medieval: Patrística e Escolástica_4_0_4_Obrigatória_Obrigatória_Não há_D_SB_1_20_20_4_4_Não _Não_
_BFIL_Bacharelado em Filosofia_BH1309_História da Filosofia Medieval: Patrística e Escolástica_4_0_4_Obrigatória_Obrigatória_Não há_N_SB_1_20_20_4_4_Não _Não_
_BFIL_Bacharelado em Filosofia_BC1621_Ciência na Antiguidade e Período Medieval_4_0_4_Opção Limitada_Opção Limitada_Não há_D_SB_1_20_20_4_4_Não _Não_
_BFIL_Bacharelado em Filosofia_BC1621_Ciência na Antiguidade e Período Medieval_4_0_4_Opção Limitada_Opção Limitada_Não há_N_SB_1_20_20_4_4_Não _Não_
_BFIL_Bacharelado em Filosofia_BH1312_História da Filosofia Contemporânea: o Século XX_4_0_4_Obrigatória_Obrigatória_Não há_D_SB_1_20_20_4_4_Não _Não_
_BFIL_Bacharelado em Filosofia_BH1312_História da Filosofia Contemporânea: o século XX_4_0_4_Obrigatória_Obrigatória_Não há_N_SB_1_20_20_4_4_Não _Não_
_BFIL_Bacharelado em Filosofia_BH1207_Filosofia da Lógica_4_0_4_Obrigatória_Obrigatória_Bases Matemáticas, Bases Epistemológicas da Ciência Moderna, Pensamento Crítico, Lógica_D_SB_1_20_20_4_4_Não _Não_
_BFIL_Bacharelado em Filosofia_BH1207_Filosofia da Lógica_4_0_4_Obrigatória_Obrigatória_Bases Matemáticas, Bases Epistemológicas da Ciência Moderna, Pensamento Crítico, Lógica_N_SB_1_20_20_4_4_Não _Não_
_BFIL_Bacharelado em Filosofia_BH1400_Filosofia da Ciência: em torno à concepção ortodoxa_4_0_4_Obrigatória_Obrigatória_Teoria do Conhecimento: Empirismo versus Racionalismo, Lógica I_D_SB_1_20_20_4_4_Não _Não_
_BFIL_Bacharelado em Filosofia_BH1400_Filosofia da Ciência: em torno à concepção ortodoxa_4_0_4_Obrigatória_Obrigatória_Teoria do Conhecimento: Empirismo versus Racionalismo, Lógica I_N_SB_1_20_20_4_4_Não _Não_
_BFIL_Bacharelado em Filosofia_BH1201_Fenomenologia e Filosofia Hermenêutica_4_0_4_Obrigatória_Obrigatória_História da Filosofia Moderna: perspectivas racionalistas e II_D_SB_1_20_20_4_4_Não _Não_
_BFIL_Bacharelado em Filosofia_BH1201_Fenomenologia e Filosofia Hermenêutica_4_0_4_Obrigatória_Obrigatória_História da Filosofia Moderna: perspectivas racionalistas e II_N_SB_1_20_20_4_4_Não _Não_
_BFIL_Bacharelado em Filosofia_BH1220_Problemas Metafísicos: Perspectivas Contemporâneas_4_0_4_Obrigatória_Obrigatória_Não há_D_SB_1_20_20_4_4_Não _Não_
_BFIL_Bacharelado em Filosofia_BH1220_Problemas Metafísicos: Perspectivas Contemporâneas_4_0_4_Obrigatória_Obrigatória_Não há_N_SB_1_20_20_4_4_Não _Não_
_BFIL_Bacharelado em Filosofia_NH5134_Temas da Filosofia Medieval_4_0_4_Opção Limitada_Opção Limitada_Não há_D_SB_1_20_20_4_4_Não _Não_
_BFIL_Bacharelado em Filosofia_NH5134_Temas da Filosofia Medieval_4_0_4_Opção Limitada_Opção Limitada_Não há_N_SB_1_20_20_4_4_Não _Não_
_BFIL_Bacharelado em Filosofia_NH5136_Temas da Filosofia Contemporânea_4_0_4_Opção Limitada_Opção Limitada_Não há_D_SB_1_20_20_4_4_Não _Não_
_BFIL_Bacharelado em Filosofia_NH5136_Temas da Filosofia Contemporânea_4_0_4_Opção Limitada_Opção Limitada_Não há_N_SB_1_20_20_4_4_Não _Não_
_BFIS_Bacharelado em Física_BC1312_Laboratório de Física Básica I_0_3_5_Obrigatória_Obrigatória_Fenômenos Mecânicos; Fenômenos Térmicos; Física do Continuo; Função de uma Variável; Funções de Várias Variáveis; Álgebra Linear_D_SA_1_30_30_3_3_semanal__
_BFIS_Bacharelado em Física_BC1312_Laboratório de Física Básica I_0_3_5_Obrigatória_Obrigatória_Fenômenos Mecânicos; Fenômenos Térmicos; Física do Continuo; Função de uma Variável; Funções de Várias Variáveis; Álgebra Linear_N_SA_1_30_30_3_3_semanal__
_BFIS_Bacharelado em Física_BC1418_Cálculo Vetorial e Tensorial_4_0_4_Obrigatória_Obrigatória_Funções de Várias Variáveis_D_SA_1_30_30_4_4___
_BFIS_Bacharelado em Física_BC1418_Cálculo Vetorial e Tensorial_4_0_4_Obrigatória_Obrigatória_Funções de Várias Variáveis_N_SA_1_30_30_4_4___
_BFIS_Bacharelado em Física_BC1219_Óptica_3_1_4_Obrigatória_Obrigatória_Fenômenos Eletromagnéticos_D_SA_1_30_30_4_4_quinzenal__
_BFIS_Bacharelado em Física_BC1219_Óptica_3_1_4_Obrigatória_Obrigatória_Fenômenos Eletromagnéticos_N_SA_1_30_30_4_4_quinzenal__
_BFIS_Bacharelado em Física_NH2803_Mecânica Analítica I_4_0_4_Obrigatória_Obrigatória_Introdução às Equações Diferenciais Ordinárias; Funções de Várias Variáveis_D_SA_1_30_30_4_4___
_BFIS_Bacharelado em Física_NH2803_Mecânica Analítica I_4_0_4_Obrigatória_Obrigatória_Introdução às Equações Diferenciais Ordinárias; Funções de Várias Variáveis_N_SA_1_30_30_4_4___
_BFIS_Bacharelado em Física_NH2902_Mecânica Estatística_6_0_6_Obrigatória_Obrigatória_Não há_D_SA_1_30_30_6_6___
_BFIS_Bacharelado em Física_NH2902_Mecânica Estatística_6_0_6_Obrigatória_Obrigatória_Não há_N_SA_1_30_30_6_6___
_BFIS_Bacharelado em Física_NH2000_Trabalho de Conclusão de Curso em Física_2_0_2_Obrigatória_Obrigatória_Não há_N_SA_1_30_30_2_2___
_BFIS_Bacharelado em Física_NH2222_Radiações Eletromagnéticas_4_0_4_Opção Limitada_Opção Limitada_Não há_D_SA_1_30_30_4_4___
_BFIS_Bacharelado em Física_NH2222_Radiações Eletromagnéticas_4_0_4_Opção Limitada_Opção Limitada_Não há_N_SA_1_30_30_4_4___
_BFIS_Bacharelado em Física_NH2901_Mecânica Quântica Avançada_4_0_4_Opção Limitada_Opção Limitada_Não há_D_SA_1_30_30_4_4___
_BFIS_Bacharelado em Física_NH2901_Mecânica Quântica Avançada_4_0_4_Opção Limitada_Opção Limitada_Não há_N_SA_1_30_30_4_4___
_BFIS_Bacharelado em Física_BC1311_Laboratório de Física Médica_0_3_2_Opção Limitada_Opção Limitada_Introdução à Física Médica_D_SA_1_30_30_3_3_semanal__
_BFIS_Bacharelado em Física_BC1311_Laboratório de Física Médica_0_3_2_Opção Limitada_Opção Limitada_Introdução à Física Médica_N_SA_1_30_30_3_3_semanal__
_BFIS_Bacharelado em Física_NH2133_Fundamentos da Relatividade Geral_4_0_4_Opção Limitada_Opção Limitada_Não há_D_SA_1_30_30_4_4___
_BFIS_Bacharelado em Física_NH2022_Teoria Clássica dos Campos_4_0_4_opção Limitada_Opção Limitada_Não há_N_SA_1_30_30_4_4___
_BFIS_Bacharelado em Física_NH2040_Teoria de Grupos em Física_4_0_4_opção Limitada_Opção Limitada_Não há_D_SA_1_30_30_4_4___
_BMAT_Bacharelado em Matemática_BC1418_Cálculo Vetorial e Tensorial_4_0_4_Obrigatória_Obrigatória_Funções de Várias Variáveis_D_SA_1_90_90_4_4___
_BMAT_Bacharelado em Matemática_BC1418_Cálculo Vetorial e Tensorial_4_0_4_Obrigatória_Obrigatória_Funções de Várias Variáveis_N_SA_1_90_90_4_4___
_BMAT_Bacharelado em Matemática_BC1437_Matemática Discreta_4_0_4_Obrigatória_Obrigatória_Funções de Uma Variável_D_SA_1_40_40_4_4___
_BMAT_Bacharelado em Matemática_Bc1437_Matemática Discreta_4_0_4_Obrigatória_Obrigatória_Funções de Uma Variável_N_SA_1_40_40_4_4___
_BMAT_Bacharelado em Matemática_BC1425_Álgebra Linear_6_0_5_Obrigatória_Obrigatória_Geometria Analítica_D_SA_1_90_90_6_6___
_BMAT_Bacharelado em Matemática_BC1425_Álgebra Linear_6_0_5_Obrigatória_Obrigatória_Geometria Analítica_N_SA_1_90_90_6_6___
_BMAT_Bacharelado em Matemática_MC1102_Funções de Variáveis Complexas_6_0_5_Obrigatória_Obrigatória_Análise Real II; Cálculo Vetorial e Tensorial; Topologia_D_SA_1_40_40_6_6___
_BMAT_Bacharelado em Matemática_MC1102_Funções de Variáveis Complexas_6_0_5_Obrigatória_Obrigatória_Análise Real II; Cálculo Vetorial e Tensorial; Topologia_N_SA_1_40_40_6_6___
_BMAT_Bacharelado em Matemática_MC1304_Grupos_4_0_4_Obrigatória_Obrigatória_Teoria Aritmética dos Números_D_SA_1_40_40_4_4___
_BMAT_Bacharelado em Matemática_MC1304_Grupos_4_0_4_Obrigatória_Obrigatória_Teoria Aritmética dos Números_N_SA_1_40_40_4_4___
_BMAT_Bacharelado em Matemática_MC1306_Análise no Rn I_4_0_4_Obrigatória_Obrigatória_Análise Real I; Cálculo Vetorial e Tensorial; Álgebra Linear_D_SA_1_40_40_4_4___
_BMAT_Bacharelado em Matemática_MC1306_Análise no Rn I_4_0_4_Obrigatória_Obrigatória_Análise Real I; Cálculo Vetorial e Tensorial; Álgebra Linear_N_SA_1_40_40_4_4___
_BMAT_Bacharelado em Matemática_MC1302_Geometria Diferencial I_4_0_4_Obrigatória_Obrigatória_Topologia I_D_SA_1_40_40_4_4___
_BMAT_Bacharelado em Matemática_MC1302_Geometria Diferencial I_4_0_4_Obrigatória_Obrigatória_Topologia I_N_SA_1_40_40_4_4___
_BMAT_Bacharelado em Matemática_MC1307_Equações Diferenciais Parciais_4_0_4_Obrigatória_Obrigatória_Análise no Rn I_D_SA_1_40_40_4_4___
_BMAT_Bacharelado em Matemática_MC1307_Equações Diferenciais Parciais_4_0_4_Obrigatória_Obrigatória_Análise no Rn I_N_SA_1_40_40_4_4___
_BMAT_Bacharelado em Matemática_MC1308_Teoria das Distribuições_4_0_4_Opção Limitada_Opção Limitada_Funções de Variáveis Complexas_D_SA_1_40_40_4_4___
_BMAT_Bacharelado em Matemática_MC1308_Teoria das Distribuições_4_0_4_Opção Limitada_Opção Limitada_Funções de Variáveis Complexas_N_SA_1_40_40_4_4___
_BMAT_Bacharelado em Matemática_MC2111_Trabalho de Conclusão de Curso em Matemática II_0_4_6_obrigatória_Obrigatória_Trabalho de Conclusão de Curso em Matemática I_N_SA_1_40_40_4_4___
_BMAT_Bacharelado em Matemática_MC2108_Extensões Algébricas_4_0_4_Obrigatória_Obrigatória_Anéis e Corpos; Grupos_D_SA_1_40_40_4_4___
_BMAT_Bacharelado em Matemática_MC2203_Métodos Variacionais_4_0_4_Opção Limitada_Opção Limitada_Cálculo Vetorial e Tensorial; Álgebra Linear_D_SA_1_40_40_4_4___
_BMAT_Bacharelado em Matemática_MC2104_Geometria Não Euclidiana_4_0_4_Opção Limitada_Opção Limitada_Não há_N_SA_1_40_40_4_4___
_BMAT_Bacharelado em Matemática_MC2106_Topologia II_4_0_4_Opção Limitada_Opção Limitada_Topologia I; Grupos_N_SA_1_40_40_4_4___
_BNC_Bacharelado em Neurociência_MC8104_Neuroanatomia_2_1_3_Obrigatória_Obrigatória_Introdução à Neurociência, Sistemas Biológicos IV_D_SA_1_30_30_3_3_úmido (laboratório de Biologia Animal)_quinzenal_Turma vespertino
_BNC_Bacharelado em Neurociência_BC1415_Introdução à Inferência Estatística_3_1_4_Obrigatória_Obrigatória_Introdução à Probabilidade e à Estatística_D_SB_1_30_30_4_4___
_BNC_Bacharelado em Neurociência_BC1415_Introdução à Inferência Estatística_3_1_4_Obrigatória_Obrigatória_Introdução à Probabilidade e à Estatística_N_SB_1_30_30_4_4___
_BNC_Bacharelado em Neurociência_MC8200_Neurobiologia do Comportamento_2_2_2_Obrigatória_Obrigatória_Não há_D_SA_1_30_30_4_4_úmido (laboratório de Biologia Animal)__Turma vespertino
_BNC_Bacharelado em Neurociência_BC1604_Bioética_2_0_2_Obrigatória_Obrigatória_Não há_D_SB_1_30_30_2_2___
_BNC_Bacharelado em Neurociência_BC1604_Bioética_2_0_2_Obrigatória_Obrigatória_Não há_N_SB_1_30_30_2_2___
_BNC_Bacharelado em Neurociência_BC1004_Introdução à Neurociência Computacional_4_0_4_Obrigatória_Obrigatória_Não há_D_SB_1_30_30_4_4_informática_semanal_
_BNC_Bacharelado em Neurociência_BC1004_Introdução à Neurociência Computacional_4_0_4_Obrigatória_Obrigatória_Não há_N_SB_1_30_30_4_4_informática_semanal_
_BNC_Bacharelado em Neurociência_BC1006_Psicologia Cognitiva_4_0_4_Obrigatória_Obrigatória_Não há_D_SB_1_30_30_4_4___
_BNC_Bacharelado em Neurociência_BC1006_Psicologia Cognitiva_4_0_4_Obrigatória_Obrigatória_Não há_N_SB_1_30_30_4_4___
_BNC_Bacharelado em Neurociência_BC1006_Psicologia Cognitiva_4_0_4_Obrigatória_Obrigatória_Não há_D_SA_1_30_30_4_4___Turma vespertina
_BNC_Bacharelado em Neurociência_MC8101_Neurobiologia Molecular e Celular_4_2_2_Obrigatória_Obrigatória_Introdução à neurociência e/ou Sistemas biológicos IV_D_SB_1_30_30_6_6_úmido (laboratório de Biologia Animal)_semanal_
_BNC_Bacharelado em Neurociência_MC8101_Neurobiologia Molecular e Celular_4_2_2_Obrigatória_Obrigatória_Introdução à neurociência e/ou Sistemas biológicos IV_N_SB_1_30_30_6_6_úmido (laboratório de Biologia Animal)_semanal_
_BNC_Bacharelado em Neurociência_MC8101_Neurobiologia Molecular e Celular_4_2_2_Obrigatória_Obrigatória_Introdução à neurociência e/ou Sistemas biológicos IV_D_SA_1_30_30_6_6_úmido (laboratório de Biologia Animal)_semanal_Turma vespertina
_BNC_Bacharelado em Neurociência_BC1004_Introdução à Neurociência Computacional_4_0_4_Obrigatória_Obrigatória_Não há_D_SA_1_30_30_4_4_informática__Turma vespertina
_BPT_Bacharelado em Planejamento Territorial_BC0306_Transformações nos Seres Vivos e Ambiente_3_0_4_Obrigatória_Obrigatória_Não há_D_SB_1_38_38_3_3___
_BPT_Bacharelado em Planejamento Territorial_BH1157_Economia Urbana_4_0_4_Obrigatória_Obrigatória_Não há_D_SB_1_38_38_4_4___
_BPT_Bacharelado em Planejamento Territorial_BH1345_Desenvolvimento Econômico e Social do Brasil_4_0_4_Obrigatória_Obrigatória_Não há_D_SB_1_38_38_4_4___
_BPT_Bacharelado em Planejamento Territorial_BH1408_Cartografia e Geoprocessamento para o Planejamento Territorial_2_3_3_Obrigatória_Obrigatória_Não há_D_SB_1_38_38_5_5_Laboratório de Cartografia e Geoprocessamento_Semanal_Laboratório específico do BPT no Alfa 2 - térreo
_BPT_Bacharelado em Planejamento Territorial_BH1361_Regulação Urbanística e Ambiental_2_0_2_Obrigatória_Obrigatória_Não há_D_SB_1_38_38_2_2___
_BPT_Bacharelado em Planejamento Territorial_BC0306_Transformações nos Seres Vivos e Ambiente_3_0_4_Obrigatória_Obrigatória_Não há_N_SB_1_38_38_3_3___
_BPT_Bacharelado em Planejamento Territorial_BH1157_Economia Urbana_4_0_4_Obrigatória_Obrigatória_Não há_N_SB_1_38_38_4_4___
_BPT_Bacharelado em Planejamento Territorial_BH1345_Desenvolvimento Econômico e Social do Brasil_4_0_4_Obrigatória_Obrigatória_Não há_N_SB_1_38_38_4_4___
_BPT_Bacharelado em Planejamento Territorial_BH1408_Cartografia e Geoprocessamento para o Planejamento Territorial_2_3_3_Obrigatória_Obrigatória_Não há_N_SB_1_38_38_5_5_Laboratório de Cartografia e Geoprocessamento_Semanal_Laboratório específico do BPT no Alfa 2 - térreo
_BPT_Bacharelado em Planejamento Territorial_BH1361_Regulação Urbanística e Ambiental_2_0_2_Obrigatória_Obrigatória_Não há_N_SB_1_38_38_2_2___
_BPT_Bacharelado em Planejamento Territorial_CS3406_Informática aplicada ao Planejamento Territorial_1_3_4_Opção Limitada_Opção Limitada__D_SB_1_38_38_4_4_Laboratório de Cartografia e Geoprocessamento_Semanal_Laboratório específico do BPT no Alfa 2 - térreo
_BPT_Bacharelado em Planejamento Territorial_CS3406_Informática aplicada ao Planejamento Territorial_1_3_4_Opção Limitada_Opção Limitada__D_SB_1_38_38_4_4_Laboratório de Cartografia e Geoprocessamento_Semanal_Laboratório específico do BPT no Alfa 2 - térreo
_BPP_Bacharelado em Políticas Públicas_BH1141_Indicadores de Políticas Públicas_2_2_4_Obrigatória_Obrigatória_Não há_N_SB_1_45_45_4_4_INFORMÁTICA_SEMANAL_
_BPP_Bacharelado em Políticas Públicas_BH1227_Métodos Quantitativos para Ciências Sociais_2_2_4_Obrigatória_Obrigatória_Não há_D_SB_1_45_45_4_4_INFORMÁTICA_SEMANAL_
_BPP_Bacharelado em Políticas Públicas_BH1227_Métodos Quantitativos para Ciências Sociais_2_2_4_Obrigatória_Obrigatória_Não há_N_SB_1_45_45_4_4_INFORMÁTICA_SEMANAL_
_BPP_Bacharelado em Políticas Públicas_CS2116_Introdução ao Direito Administrativo_4_0_4_Obrigatória_Obrigatória_Não há_D_SB_1_45_45_4_4___
_BPP_Bacharelado em Políticas Públicas_CS2116_Introdução ao Direito Administrativo_4_0_4_Obrigatória_Obrigatória_Não há_N_SB_1_45_45_4_4___
_BPP_Bacharelado em Políticas Públicas_CS2117_Finanças Públicas_4_0_4_Obrigatória_Obrigatória_Não há_D_SB_1_45_45_4_4___
_BPP_Bacharelado em Políticas Públicas_CS2117_Finanças Públicas_4_0_4_Obrigatória_Obrigatória_Não há_N_SB_1_45_45_4_4___
_BPP_Bacharelado em Políticas Públicas_CS1102_Trabalho de Conclusão de Curso de Políticas Públicas II_0_2_6_Obrigatória_Obrigatória_Não há_D_SB_1_45_45_2_2___
erro de categoria_BPP_Bacharelado em Políticas Públicas_CS2122_Administração Pública e Reforma do Estado em Perspectiva Comparada_4_0_4_Obrigatória_Obrigatória_Não há_D_SB_1_45_45_4_4___
erro de categoria_BPP_Bacharelado em Políticas Públicas_CS2122_Administração Pública e Reforma do Estado em Perspectiva Comparada_4_0_4_Obrigatória_Obrigatória_Não há_N_SB_1_45_45_4_4___
erro de categoria_BPP_Bacharelado em Políticas Públicas_CS2123_Temas Contemporâneos_2_2_4_Obrigatória_Obrigatória_Não há_D_SB_1_45_45_4_4___
erro de categoria_BPP_Bacharelado em Políticas Públicas_CS2123_Temas Contemporâneos_2_2_4_Obrigatória_Obrigatória_Não há_N_SB_1_45_45_4_4___
_BPP_Bacharelado em Políticas Públicas__Mudança Tecnológica e Dinâmica Capitalista_4_0_4_Opção Limitada_Opção Limitada_Não há_D_SB_1_45_45_4_4___
_BPP_Bacharelado em Políticas Públicas__Mudança Tecnológica e Dinâmica Capitalista_4_0_4_Opção Limitada_Opção Limitada_Não há_N_SB_1_45_45_4_4___
_BPP_Bacharelado em Políticas Públicas__OPÇÃO LIMITADA (a definir)_4_0_4_Opção Limitada_Opção Limitada___SB_1_45_45_4_4___
_BPP_Bacharelado em Políticas Públicas__OPÇÃO LIMITADA (a definir)_4_0_4_Opção Limitada_Opção Limitada___SB_1_45_45_4_4___
erro de categoria_BPP_Bacharelado em Políticas Públicas_CS4125_Universo das Instituições Políticas no Brasil_4_0_4_Opção Limitada_Opção Limitada_Não há_D_SB_1_45_45_4_4___
_BQ_Bacharelado em Química_NH3801_Química Orgânica Experimental_0_4_6_Obrigatória_Obrigatória_Não há_D_SA_1_30_30_4_4_Úmido_Semanal_
_BQ_Bacharelado em Química_NH3904_Química de Coordenação_4_2_6_Obrigatória_Obrigatória_Não há_D_SA_1_30_30_6_6_Úmido_Semanal_
_BQ_Bacharelado em Química_NH3905_Eletroquímica e Cinética Química_6_0_6_Obrigatória_Obrigatória_Não há_D_SA_1_50_50_6_6___
_BQ_Bacharelado em Química_BC1310_Ligações Químicas_4_0_6_Obrigatória_Obrigatória_Não há_D_SA_1_50_50_4_4___
_BQ_Bacharelado em Química_NH3501_Química Analítica Clássica II_4_2_6_Obrigatória_Obrigatória_Erro:512_D_SA_1_30_30_6_6_Úmido_Semanal_
_BQ_Bacharelado em Química_BC1330_Princípios de Termodinâmica_4_0_6_Obrigatória_Obrigatória_Não há_D_SA_1_50_50_4_4___
_BQ_Bacharelado em Química_NH3001_Operações Unitárias I_4_0_4_Opção Limitada_Opção Limitada_Não há_D_SA_1_50_50_4_4___
_BQ_Bacharelado em Química_NH3201_Trabalho de Conclusão de Curso em Química_2_0_2_Obrigatória_Obrigatória_Não há_D_SA_1_15_15_2_2___
_BQ_Bacharelado em Química_BC1440_Processos Industriais Orgânicos e Inorgânicos_4_0_4_Opção Limitada_Opção Limitada_Não há_D_SA_1_50_50_4_4___
_BQ_Bacharelado em Química_NH3801_Química Orgânica Experimental_0_4_6_Obrigatória_Obrigatória_Não há_N_SA_1_30_30_4_4_Úmido_Semanal_
_BQ_Bacharelado em Química_NH3904_Química de Coordenação_4_2_6_Obrigatória_Obrigatória_Não há_N_SA_1_30_30_6_6_Úmido_Semanal_
_BQ_Bacharelado em Química_NH3905_Eletroquímica e Cinética Química_6_0_6_Obrigatória_Obrigatória_Não há_N_SA_1_50_50_6_6___
_BQ_Bacharelado em Química_BC1310_Ligações Químicas_4_0_6_Obrigatória_Obrigatória_Não há_N_SA_1_50_50_4_4___
_BQ_Bacharelado em Química_NH3501_Química Analítica Clássica II_4_2_6_Obrigatória_Obrigatória_Erro:512_N_SA_1_30_30_6_6_Úmido_Semanal_
_BQ_Bacharelado em Química_BC1330_Princípios de Termodinâmica_4_0_6_Obrigatória_Obrigatória_Não há_N_SA_1_50_50_4_4___
_BQ_Bacharelado em Química_NH3001_Operações Unitárias I_4_0_4_Opção Limitada_Opção Limitada_Não há_N_SA_1_50_50_4_4___
_BQ_Bacharelado em Química_NH3201_Trabalho de Conclusão de Curso em Química_2_0_2_Obrigatória_Obrigatória_Não há_N_SA_1_15_15_2_2___
_BQ_Bacharelado em Química_BC1440_Processos Industriais Orgânicos e Inorgânicos_4_0_4_Opção Limitada_Opção Limitada_Não há_N_SA_1_50_50_4_4___
_BQ_Bacharelado em Química_NH3105_Seminários em Química I_2_0_2_Opção Limitada_Opção Limitada_Não há_D_SA_1_50_50_2_2___
_BQ_Bacharelado em Química_NH3003_Técnicas Aplicadas a Processos Biotecnológicos_4_2_4_Opção Limitada_Opção Limitada_Não há_D_SA_1_30_30_6_6_Úmido_Semanal_
_BQ_Bacharelado em Química_NH3005_Química dos Materiais_4_2_4_Opção Limitada_Opção Limitada_Não há_D_SA_1_30_30_6_6_Úmido_Semanal_
_BRI_Bacharelado em Relações Internacionais_BH1335_História das Relações Internacionais_4_0_4_Obrigatória_Obrigatória_Não há_D_SB_1_80_80_4_4___
_BRI_Bacharelado em Relações Internacionais_BH1335_História das Relações Internacionais_4_0_4_Obrigatória_Obrigatória_Não há_N_SB_1_80_80_4_4___
_BRI_Bacharelado em Relações Internacionais_BH1227_Métodos Quantitativos para Ciências Sociais_2_2_4_Obrigatória_Obrigatória_Não há_D_SB_1_80_80_4_4___
_BRI_Bacharelado em Relações Internacionais_BH1227_Métodos Quantitativos para Ciências Sociais_2_2_4_Obrigatória_Obrigatória_Não há_N_SB_1_80_80_4_4___
_BRI_Bacharelado em Relações Internacionais_BH1151_Direito Internacional Público_4_0_4_Obrigatória_Obrigatória_Introdução ao Estudo do Direito_D_SB_1_80_80_4_4___
_BRI_Bacharelado em Relações Internacionais_BH1151_Direito Internacional Público_4_0_4_Obrigatória_Obrigatória_Introdução ao Estudo do Direito_N_SB_1_80_80_4_4___
_BRI_Bacharelado em Relações Internacionais_BH 1102_Relações Internacionais e Globalização_4_0_4_Obrigatória_Obrigatória_Não há_D_SB_1_80_80_4_4___
_BRI_Bacharelado em Relações Internacionais_BH 1102_Relações Internacionais e Globalização4_4_0_4_Obrigatória_Obrigatória_Não há_N_SB_1_80_80_4_4___
_BRI_Bacharelado em Relações Internacionais_CS3309_Dinâmica e desafios dos processos migratórios_4_0_4_Opção Limitada_Opção Limitada_Não há_D_SB_1_40_40_4_4___
_EAERO_Engenharia Aeroespacial_EN2233_Técnicas de análise estrutural e projeto _3_1_4_obrigatória _Obrigatória_Mecânica dos Sólidos_D_SA_1_60_60_4_4_seco_quinzenal_
_EAERO_Engenharia Aeroespacial_EN2230_Materiais compósitos e aplicações estruturais _4_0_4_obrigatória _Obrigatória_Materiais e suas Propriedades_D_SA_1_60_60_4_4___
_EAERO_Engenharia Aeroespacial_EN2221_Vibrações_4_0_4_obrigatória _Obrigatória_Álgebra Linear, Dinâmica I_N_SA_1_60_60_4_4___
_EAERO_Engenharia Aeroespacial_EN3233_Aplicação de Elementos Finitos para Engenharia_3_1_4_opção limitada_Opção Limitada_Introdução às Equações Diferenciais Ordinárias; Cálculo Numérico_D_SA_1_60_60_4_4_informática_quinzenal_
_EAERO_Engenharia Aeroespacial_EN2223_Dinâmica I_4_0_5_obrigatória _Obrigatória_Fenômenos Mecânicos, Geometria Analítica, Cálculo Numérico_N_SA_1_60_60_4_4___
_EAERO_Engenharia Aeroespacial_EN2710_Sistemas de Controle II_3_2_4_Obrigatória_Obrigatória_Sistemas de Controle I_D_SA_1_60_60_5_5_informática__
_EAERO_Engenharia Aeroespacial_EN2219_Dinâmica e Controle de Veículos Espaciais_4_0_4_Obrigatória_Obrigatória_Dinâmica I; Dinâmica II_N_SA_1_60_60_4_4___
_EAERO_Engenharia Aeroespacial_EN2220_Aeronáutica 1-A_4_0_4_obrigatória_Obrigatória_não há_N_SB_1_60_60_4_4___
_EAERO_Engenharia Aeroespacial_BC1509_Transformadas em Sinais e Sistemas Lineares_4_0_4_obrigatória_Obrigatória_Funções de Várias Variáveis_D_SA_1_60_60_4_4___
_EAERO_Engenharia Aeroespacial_EN3202_Dinâmica Orbital_3_0_4_Opção Limitada_Opção Limitada_Dinâmica I_D_SA_1_60_60_3_3___
_EAERO_Engenharia Aeroespacial_EN3239_Máquinas de fluxo_4_0_4_obrigatória_Obrigatória_Termodinâmica Aplicada I; Mecânica dos Fluidos Avançada_N_SA_1_60_60_4_4___
_EAERO_Engenharia Aeroespacial_EN2217_Mecânica dos Fluidos Viscosos_3_1_4_Obrigatória_Obrigatória_Mecânica dos Fluidos I_D_SA_1_60_60_4_4_úmido__
_EAERO_Engenharia Aeroespacial_EN2213_Aerodinâmica I_4_0_5_Obrigatória_Obrigatória_Mecânica dos Fluidos Viscosos_N_SA_1_60_60_4_4___
_EAERO_Engenharia Aeroespacial_EN2410_Transferência de Calor I_3_1_4_Opção Limitada_Opção Limitada_Fenômenos Térmicos; Funções de Várias Variáveis_N_SA_1_60_60_4_4_úmido__
_EAERO_Engenharia Aeroespacial_EN2214_Combustão I_3_1_4_Obrigatória_Obrigatória_Termodinâmica Aplicada; Mecânica dos Fluidos Viscosos_D_SA_1_60_60_4_4_úmido__
_EAERO_Engenharia Aeroespacial_EN3218_Aerodinâmica II_4_0_5_Opção Limitada_Opção Limitada_Aerodinâmica I_D_SA_1_60_60_4_4___
_EAU_Engenharia Ambiental e Urbana_EN2135_Análise de Sistemas e Modelagem Ambiental_0_2_4_Obrigatória_Obrigatória_Recomendada para o final do curso_D_SA_1_30_30_2_2_INFORMÁTICA_SEMANAL_
_EAU_Engenharia Ambiental e Urbana_EN2135_Análise de Sistemas e Modelagem Ambiental_0_2_4_Obrigatória_Obrigatória_Recomendada para o final do curso_N_SA_1_30_30_2_2_INFORMÁTICA_SEMANAL_
_EAU_Engenharia Ambiental e Urbana_EN2113_Cartografia e Geoprocessamento_1_3_3_Obrigatória_Obrigatória_Não há_D_SA_1_30_30_4_4_INFORMÁTICA_SEMANAL_
_EAU_Engenharia Ambiental e Urbana_EN2113_Cartografia e Geoprocessamento_1_3_3_Obrigatória_Obrigatória_Não há_N_SA_1_30_30_4_4_INFORMÁTICA_SEMANAL_
_EAU_Engenharia Ambiental e Urbana_EN2134_Geotecnia_2_2_4_Obrigatória_Obrigatória_Fundamentos de Geologia para Engenharia; Cartografia e Geoprocessamento_D_SA_1_30_30_4_4_ÚMIDO_SEMANAL_
_EAU_Engenharia Ambiental e Urbana_EN2134_Geotecnia_2_2_4_Obrigatória_Obrigatória_Fundamentos de Geologia para Engenharia; Cartografia e Geoprocessamento_N_SA_1_30_30_4_4_ÚMIDO_SEMANAL_
_EAU_Engenharia Ambiental e Urbana_EN2133_Habitação e Assentamentos Humanos_3_1_5_Obrigatória_Obrigatória_Cartografia e Geoprocessamento; Regulação Ambiental e Urbana_D_SA_1_60_60_4_4___
_EAU_Engenharia Ambiental e Urbana_EN2133_Habitação e Assentamentos Humanos_3_1_5_Obrigatória_Obrigatória_Cartografia e Geoprocessamento; Regulação Ambiental e Urbana_N_SA_1_60_60_4_4___
_EAU_Engenharia Ambiental e Urbana_EN2130_Hidráulica_2_2_4_Obrigatória_Obrigatória_Mecânica dos Fluidos I; Cálculo Numérico_D_SA_1_60_60_4_4_ÚMIDO_SEMANAL_
_EAU_Engenharia Ambiental e Urbana_EN2130_Hidráulica_2_2_4_Obrigatória_Obrigatória_Mecânica dos Fluidos I; Cálculo Numérico_N_SA_1_60_60_4_4_ÚMIDO_SEMANAL_
_EAU_Engenharia Ambiental e Urbana_EN2105_Microbiologia Ambiental_3_1_4_Obrigatória_Obrigatória_Transformações Químicas; Transformações Bioquímicas; Transformações nos Seres Vivos e Ambiente_D_SA_1_60_60_4_4_ÚMIDO_SEMANAL_
_EAU_Engenharia Ambiental e Urbana_EN2105_Microbiologia Ambiental_3_1_4_Obrigatória_Obrigatória_Transformações Químicas; Transformações Bioquímicas; Transformações nos Seres Vivos e Ambiente_N_SA_1_60_60_4_4_ÚMIDO_SEMANAL_
_EAU_Engenharia Ambiental e Urbana_EN2124_Planejamento Urbano e Metropolitano_3_1_4_Obrigatória_Obrigatória_Teoria do Planejamento Urbano e Ambiental_D_SA_1_60_60_4_4___
_EAU_Engenharia Ambiental e Urbana_EN2124_Planejamento Urbano e Metropolitano_3_1_4_Obrigatória_Obrigatória_Teoria do Planejamento Urbano e Ambiental_N_SA_1_60_60_4_4___
_EAU_Engenharia Ambiental e Urbana_EN2131_Regulação Ambiental e Urbana_2_0_4_Obrigatória_Obrigatória_Não há_D_SA_1_60_60_2_2___
_EAU_Engenharia Ambiental e Urbana_EN2131_Regulação Ambiental e Urbana_2_0_4_Obrigatória_Obrigatória_Não há_N_SA_1_60_60_2_2___
_EAU_Engenharia Ambiental e Urbana_EN2139_Resíduos Sólidos_3_0_4_Obrigatória_Obrigatória_Microbiologia Ambiental; Fundamentos de Geologia para Engenharia_D_SA_1_30_30_3_3___
_EAU_Engenharia Ambiental e Urbana_EN2139_Resíduos Sólidos_3_0_4_Obrigatória_Obrigatória_Microbiologia Ambiental; Fundamentos de Geologia para Engenharia_N_SA_1_30_30_3_3___
_EAU_Engenharia Ambiental e Urbana_EN2117_Sistemas de Abastecimento de Águas_3_1_5_Obrigatória_Obrigatória_Hidráulica_D_SA_1_60_60_4_4___
_EAU_Engenharia Ambiental e Urbana_EN2117_Sistemas de Abastecimento de Águas_3_1_5_Obrigatória_Obrigatória_Hidráulica_N_SA_1_60_60_4_4___
_EAU_Engenharia Ambiental e Urbana_EN2136_Transportes e Mobilidade Urbana_2_0_4_Obrigatória_Obrigatória_Não há_D_SA_1_30_30_2_2___
_EAU_Engenharia Ambiental e Urbana_EN2136_Transportes e Mobilidade Urbana_2_0_4_Obrigatória_Obrigatória_Não há_N_SA_1_30_30_2_2___
_EAU_Engenharia Ambiental e Urbana_EN1103_Trabalho de Graduação I em Engenharia Ambiental e Urbana_0_2_4_Obrigatória_Obrigatória_-_D_SA_1_60_60_2_2___
_EAU_Engenharia Ambiental e Urbana_EN1103_Trabalho de Graduação I em Engenharia Ambiental e Urbana_0_2_4_Obrigatória_Obrigatória_-_N_SA_1_60_60_2_2___
_EAU_Engenharia Ambiental e Urbana_EN1104_Trabalho de Graduação II em Engenharia Ambiental e Urbana_0_2_4_Obrigatória_Obrigatória_Trabalho de Graduação I_D_SA_1_60_60_2_2___
_EAU_Engenharia Ambiental e Urbana_EN1104_Trabalho de Graduação II em Engenharia Ambiental e Urbana_0_2_4_Obrigatória_Obrigatória_Trabalho de Graduação I_N_SA_1_60_60_2_2___
_EAU_Engenharia Ambiental e Urbana_EN1105_Trabalho de Graduação III em Engenharia Ambiental e Urbana_0_2_4_Obrigatória_Obrigatória_Trabalho de Graduação II_D_SA_1_60_60_2_2___
_EAU_Engenharia Ambiental e Urbana_EN1105_Trabalho de Graduação III em Engenharia Ambiental e Urbana_0_2_4_Obrigatória_Obrigatória_Trabalho de Graduação II_N_SA_1_60_60_2_2___
_EAU_Engenharia Ambiental e Urbana_BC1106_Ciências Atmosféricas_4_0_4_Opção Limitada_Opção Limitada_Não há_D_SA_1_60_60_4_4___
_EAU_Engenharia Ambiental e Urbana_BC1106_Ciências Atmosféricas_4_0_4_Opção Limitada_Opção Limitada_Não há_N_SA_1_60_60_4_4___
_EAU_Engenharia Ambiental e Urbana_EN3105_Economia, Sociedade e Meio Ambiente_3_0_4_Opção Limitada_Opção Limitada_Não há_D_SA_1_60_60_3_3___
_EAU_Engenharia Ambiental e Urbana_EN3105_Economia, Sociedade e Meio Ambiente_3_0_4_Opção Limitada_Opção Limitada_Não há_N_SA_1_60_60_3_3___
_EAU_Engenharia Ambiental e Urbana_BC1630_Educação Ambiental_2_2_4_Opção Limitada_Opção Limitada_Não há_D_SA_1_60_60_4_4___
_EAU_Engenharia Ambiental e Urbana_BC1630_Educação Ambiental_2_2_4_Opção Limitada_Opção Limitada_Não há_N_SA_1_60_60_4_4___
_EAU_Engenharia Ambiental e Urbana_EN3118_Gestão Urbano-Ambiental_3_1_4_Opção Limitada_Opção Limitada_Regulação Ambiental e Urbana; Cartografia e Geoprocessamento; Teoria do Planejamento Urbano e Ambiental_D_SA_1_60_60_4_4___
_EAU_Engenharia Ambiental e Urbana_EN3118_Gestão Urbano-Ambiental_3_1_4_Opção Limitada_Opção Limitada_Regulação Ambiental e Urbana; Cartografia e Geoprocessamento; Teoria do Planejamento Urbano e Ambiental_N_SA_1_60_60_4_4___
_EAU_Engenharia Ambiental e Urbana_EN3110_Métodos Quantitativos para Planejamento Estratégico_1_1_4_Opção Limitada_Opção Limitada_Métodos Experimentais em Engenharia; Cartografia e Geoprocessamento_D_SA_1_30_30_2_2_INFORMÁTICA_SEMANAL_508-1
_EAU_Engenharia Ambiental e Urbana_EN3110_Métodos Quantitativos para Planejamento Estratégico_1_1_4_Opção Limitada_Opção Limitada_Métodos Experimentais em Engenharia; Cartografia e Geoprocessamento_N_SA_1_30_30_2_2_INFORMÁTICA_SEMANAL_508-1
_EAU_Engenharia Ambiental e Urbana_EN3103_Unidades de Conservação da Natureza_3_1_2_Opção Limitada_Opção Limitada_Biomas Brasileiros; Conservação da Biodiversidade_D_SA_1_60_60_4_4___
_EAU_Engenharia Ambiental e Urbana_EN3103_Unidades de Conservação da Natureza_3_1_2_Opção Limitada_Opção Limitada_Biomas Brasileiros; Conservação da Biodiversidade_N_SA_1_60_60_4_4___
_EBIO_Engenharia Biomédica_BC1307_Biologia Celular_3_2_4_Obrigatória_Obrigatória_Origem da Vida e Diversidade dos Seres Vivos_D_SA_1_30_30_5_5_úmido_semanal_
_EBIO_Engenharia Biomédica_BC1307_Biologia Celular_3_2_4_Obrigatória_Obrigatória_Origem da Vida e Diversidade dos Seres Vivos_N_SA_1_30_30_5_5_úmido_semanal_
_EBIO_Engenharia Biomédica_EN2330_Instrumentação Biomédica_3_2_5_Obrigatória_Obrigatória_Instrumentação e Controle_D_SA_1_30_30_5_5_seco__
_EBIO_Engenharia Biomédica_EN2330_Instrumentação Biomédica_3_2_5_Obrigatória_Obrigatória_Instrumentação e Controle_N_SA_1_30_30_5_5_seco__
_EBIO_Engenharia Biomédica_EN2320_Bases Biológicas para Engnharia II_3_2_5_Obrigatória_Obrigatória_Bases Biológicas para Engenharia I_D_SA_1_30_30_5_5_seco__
_EBIO_Engenharia Biomédica_EN2320_Bases Biológicas para Engnharia II_3_2_5_Obrigatória_Obrigatória_Bases Biológicas para Engenharia I_N_SA_1_30_30_5_5_seco__
_EBIO_Engenharia Biomédica_EN2332_Princípios de Imagens Médicas_4_0_4_Obrigatória_Obrigatória_Fenômenos Eletromagnéticos_D_SA_1_60_60_4_4___
_EBIO_Engenharia Biomédica_EN2332_Princípios de Imagens Médicas_4_0_4_Obrigatória_Obrigatória_Fenômenos Eletromagnéticos_N_SA_1_60_60_4_4___
_EBIO_Engenharia Biomédica_EN2326_Princípios de Ética em Serviços de Saúde_2_0_2_Obrigatória_Obrigatória__D_SA_1_60_60_2_2___
_EBIO_Engenharia Biomédica_EN2326_Princípios de Ética em Serviços de Saúde_2_0_2_Obrigatória_Obrigatória__N_SA_1_60_60_2_2___
_EBIO_Engenharia Biomédica_EN2326_Equipamentos médico-hospitalares_3_2_5_Obrigatória_Obrigatória_Bases Biológicas para Engenharia II_D_SA_1_60_60_5_5___
_EBIO_Engenharia Biomédica_EN2327_Equipamentos médico-hospitalares_3_2_5_Obrigatória_Obrigatória_Bases Biológicas para Engenharia II_N_SA_1_60_60_5_5___
_EBIO_Engenharia Biomédica_EN3328_Introdução a Biofotônica e Óptica Biomédica_3_1_4_Opção Limitada_Opção Limitada__D_SA_1_60_60_4_4___
erro de categoria_EBIO_Engenharia Biomédica_BC1604_Bioética_2_0_2_Obrigatória_Obrigatória_Não há_D_SA_1_60_60_2_2___
erro de categoria_EBIO_Engenharia Biomédica_BC1604_Bioética_2_0_2_Obrigatória_Obrigatória_Não há_N_SA_1_60_60_2_2___
_EBIO_Engenharia Biomédica_EN3324_Caracterização de Biomateriais_2_3_5_Opção Limitada_Opção Limitada_Introdução aos Materiais Biocompatíveis_D_SA_1_30_30_5_5_úmido__
_EBIO_Engenharia Biomédica_EN3324_Caracterização de Biomateriais_2_3_5_Opção Limitada_Opção Limitada_Introdução aos Materiais Biocompatíveis_N_SA_1_30_30_5_5_úmido__
_EBIO_Engenharia Biomédica_EN1301_Estágio Curricular I em Engenharia Biomédica_0_7_0_Obrigatória_Obrigatória_Não há__SA_1_70_70_3_3___
_EBIO_Engenharia Biomédica_EN1302_Estágio Curricular II em Engenharia Biomédica_0_7_0_Obrigatória_Obrigatória_Estágio Curricular I em Engenharia Biomédica__SA_1_70_70_3_3___
_EBIO_Engenharia Biomédica_EN1303_Trabalho de Graduação I em Engenharia Biomédica_0_2_4_Obrigatória_Obrigatória_Não há__SA_1_70_70_2_2___
_EBIO_Engenharia Biomédica_EN1304_Trabalho de Graduação II em Engenharia Biomédica_0_2_4_Obrigatória_Obrigatória_Trabalho de Graduação I em Engenharia Biomédica__SA_1_70_70_2_2___
_EBIO_Engenharia Biomédica_EN1305_Trabalho de Graduação III em Engenharia Biomédica_0_2_4_Obrigatória_Obrigatória_Trabalho de Graduação II em Engenharia Biomédica__SA_1_70_70_2_2___
_EENER_Engenharia de Energia_EN2420_Fontes Não-Renováveis de Energia_4_0_4_Obrigatória_Obrigatória_Energia: Fontes e Tecnologias de Conversão_N_SA_1_60_60_4_4___
_EENER_Engenharia de Energia_EN2413_Termodinâmica Aplicada II_3_1_5_Obrigatória_Obrigatória_Termodinâmica Aplicada I_N_SA_1_60_60_4_4___
_EENER_Engenharia de Energia_EN2703_Circuitos Elétricos I_3_2_4_Obrigatória_Obrigatória_Circuitos Elétricos e Fotônica_D_SA_1_60_60_5_5_Seco_Semanal_
_EENER_Engenharia de Energia_EN2412_Mecânica dos Fluidos II_3_1_5_Obrigatória_Obrigatória_Mecânica dos Fluidos I_D_SA_1_60_60_4_4___
_EENER_Engenharia de Energia_EN2419_Fontes Renováveis de Energia_4_0_4_Obrigatória_Obrigatória_Energia: Fontes e Tecnologias de Conversão_D_SA_1_60_60_4_4___
_EENER_Engenharia de Energia_EN2410_Transferência de Calor I_3_1_4_Obrigatória_Obrigatória_Fenômenos Térmicos; Funções de Várias Variáveis_D_SA_1_60_60_4_4___
_EENER_Engenharia de Energia_EN2421_Análise Econômica de Projetos Energéticos_4_0_5_Obrigatória_Obrigatória_Engenharia Econômica_D_SA_1_60_60_4_4__Semanal_
_EENER_Engenharia de Energia_EN2409_Operação de Sistemas Elétricos de Potência_3_1_4_Obrigatória_Obrigatória_Introdução aos Sistemas Elétricos de Potência_D_SA_1_60_60_4_4___
_EENER_Engenharia de Energia_SEM _Disciplinas novas de Opção limitada_4_0_4_Opção Limitada_Opção Limitada__D_SA_3_30_90_12_12___
_EENER_Engenharia de Energia_SEM _Disciplinas novas de Opção limitada_4_0_4_Opção Limitada_Opção Limitada__N_SA_4_30_120_16_16___
última oferta_EGEST_Engenharia de Gestão_EN2524_Gestão de Recursos Em. e Ambientais_2_0_5_Obrigatória_Obrigatória_Custos_N_SA_1_63_63_2_2___ÚLTIMA OFERTA DA DISCIPLINA - CATÁLOGO 2010
última oferta_EGEST_Engenharia de Gestão_EN2519_Sistemas Integrados de Gestão da Qualidade Ambiental, Segurança e Saúde_2_0_3_Obrigatória_Obrigatória_Qualidade em Sistemas_N_SA_1_63_63_2_2___ÚLTIMA OFERTA DA DISCIPLINA - CATÁLOGO 2010
_EGEST_Engenharia de Gestão_EN2716_Sistemas CAD/CAM_3_1_4_Obrigatória_Obrigatória_Fundamentos de Desenho e Projeto_N_SA_1_30_30_4_4_laboratório 401-1__
_EGEST_Engenharia de Gestão_EN2508_Tempos, Métodos e Arranjos Físicos_2_2_5_Obrigatória_Obrigatória_Organização do trabalho_N_SA_1_63_63_4_4___
_EGEST_Engenharia de Gestão_EN2532_Custos_4_2_9_Obrigatória_Obrigatória_Engenharia Econômica_N_SA_1_63_63_6_6___
_EGEST_Engenharia de Gestão_EN2535_Engenharia Econômica aplicada a Sistemas de Gestão_4_0_5_Obrigatória_Obrigatória_Custos_N_SA_1_63_63_4_4___
_EGEST_Engenharia de Gestão_EN2536_Introdução aos Processos de fabricação Metal-mecanico_4_2_4_Obrigatória_Obrigatória_Sistemas CAD/CAM_N_SA_1_63_63_6_6___
_EGEST_Engenharia de Gestão_EN2522_Engenharia Laboral_4_0_4_Obrigatória_Obrigatória_Não há_N_SA_1_63_63_4_4___
_EGEST_Engenharia de Gestão_EN3548_Técnicas de Tomada de Decisão aplicáveis em modelos de Dependência_2_2_4_Opção Limitada_Opção Limitada_Estatítica aplicada a Sistemas de Gestão_N_SA_1_30_30_4_4_laboratório 401-1__
_EGEST_Engenharia de Gestão_EN3514_Modelos de Comunicação nas Organizações_2_0_4_Opção Limitada_Opção Limitada_Clima e Cultura Organizacional_N_SA_1_63_63_2_2___
_EGEST_Engenharia de Gestão_EN3545_Gestão Estratégica e Organizacional_2_0_2_Opção Limitada_Opção Limitada_Não há_N_SA_1_63_63_2_2___
_EGEST_Engenharia de Gestão_EN2716_Sistemas CAD/CAM_3_1_4_Obrigatória_Obrigatória_Fundamentos de Desenho e Projeto_D_SA_1_30_30_4_4_laboratório 401-1__
_EGEST_Engenharia de Gestão_EN2508_Tempos, Métodos e Arranjos Físicos_2_2_5_Obrigatória_Obrigatória_Organização do trabalho_D_SA_1_62_62_4_4___
_EGEST_Engenharia de Gestão_EN2531_Pesquisa Operacional_4_2_9_Obrigatória_Obrigatória_Est. Aplicada Sistemas Gestão_D_SA_1_62_62_6_6___
_EGEST_Engenharia de Gestão_EN2521_Elaboração, Análise e Avaliação de Projetos_3_1_5_Obrigatória_Obrigatória_Não há_D_SA_1_62_62_4_4___
_EGEST_Engenharia de Gestão_EN2535_Engenharia Econômica aplicada a Sistemas de Gestão_4_0_5_Obrigatória_Obrigatória_Custos_D_SA_1_62_62_4_4___
_EGEST_Engenharia de Gestão_EN3555_Automação em Sistemas de Manufatura_2_2_4_Opção Limitada_Opção Limitada_Sistemas CAD/CAM_D_SA_1_30_30_4_4___
_EGEST_Engenharia de Gestão_EN3525_Simulação de Modelos de Gestão_2_2_4_Opção Limitada_Opção Limitada_Pesquisa Operacional_D_SA_1_30_30_4_4_laboratório 401-1__
_EGEST_Engenharia de Gestão_EN3514_Modelos de Comunicação nas Organizações_2_0_4_Opção Limitada_Opção Limitada_Clima e Cultura Organizacional_D_SA_1_62_62_2_2___
_EGEST_Engenharia de Gestão_EN2509_Planejamento e Controle da Produção_4_2_9_Obrigatória_Obrigatória__D_SA_1_62_62_6____
_EGEST_Engenharia de Gestão_EN2509_Planejamento e Controle da Produção_4_2_9_Obrigatória_Obrigatória__N_SA_1_63_63_6____
_EINF_Engenharia de Informação_BC1513_Redes de Computadores_3_1_4_Obrigatória_Obrigatória_Processamento da Informação_D_SA_1_60_60_4_4_Informática_quinzenal_
_EINF_Engenharia de Informação_BC1513_Redes de Computadores_3_1_4_Obrigatória_Obrigatória_Processamento da Informação_N_SA_1_60_60_4_4_Informática_quinzenal_
_EINF_Engenharia de Informação_EN2609_Sinais Aleatórios_4_0_4_Obrigatória_Obrigatória_Introdução à Probabilidade e à Estatística_D_SA_1_60_60_4_4___
_EINF_Engenharia de Informação_EN2609_Sinais Aleatórios_4_0_4_Obrigatória_Obrigatória_Introdução à Probabilidade e à Estatística_N_SA_1_60_60_4_4___
_EINF_Engenharia de Informação_EN2612_Teoria da Informação e Códigos_4_0_4_Obrigatória_Obrigatória_Comunicação Digital_D_SA_1_60_60_4_4___
_EINF_Engenharia de Informação_EN2612_Teoria da Informação e Códigos_4_0_4_Obrigatória_Obrigatória_Comunicação Digital_N_SA_1_60_60_4_4___
_EINF_Engenharia de Informação_EN2614_Comunicações Ópticas_3_1_4_Obrigatória_Obrigatória_Circuitos Elétricos e Fotônica_D_SA_1_30_30_4_4_seco_quinzenal_
_EINF_Engenharia de Informação_EN2614_Comunicações Ópticas_3_1_4_Obrigatória_Obrigatória_Circuitos Elétricos e Fotônica_N_SA_1_30_30_4_4_seco_quinzenal_
_EINF_Engenharia de Informação_EN2615_Propagação e Antenas_3_1_4_Obrigatória_Obrigatória_Ondas Eletromagnéticas Aplicadas_D_SA_1_30_30_4_4_seco_quinzenal_
_EINF_Engenharia de Informação_EN2615_Propagação e Antenas_3_1_4_Obrigatória_Obrigatória_Ondas Eletromagnéticas Aplicadas_N_SA_1_30_30_4_4_seco_quinzenal_
_EINF_Engenharia de Informação_EN2617_Sistemas Microprocessados_2_2_4_Obrigatória_Obrigatória_Eletrônica Digital_N_SA_1_30_30_4_4_seco_Semanal_
_EINF_Engenharia de Informação_EN2719_Dispositivos Eletrônicos_3_2_4_Obrigatória_Obrigatória_Circuitos Elétricos e Fotônica_N_SA_1_60_60_5_5_seco_semanal_
_EINF_Engenharia de Informação_EN3601_Informação e Sociedade_2_0_3_Opção Limitada_Opção Limitada_Não há_D_SA_1_30_30_2_2___
_EINF_Engenharia de Informação_EN3601_Informação e Sociedade_2_0_3_Opção Limitada_Opção Limitada_Não há_N_SA_1_30_30_2_2___
erro de categoria_EINF_Engenharia de Informação_EN3615_Simulação de Sistemas de Comunicação_2_2_4_Opção Limitada_Opção Limitada_Princípios de Comunicação; Comunicação Digital_D_SA_1_30_30_4_4_Informática_Semanal_
erro de categoria_EINF_Engenharia de Informação_EN3615_Simulação de Sistemas de Comunicação_2_2_4_Opção Limitada_Opção Limitada_Princípios de Comunicação; Comunicação Digital_N_SA_1_30_30_4_4_Informática_Semanal_
erro de categoria_EINF_Engenharia de Informação_EN1007_Trabalho de Graduação I_0_2_4_Obrigatória_Obrigatória_Não há_D_SA_1_30_30_2_2___
erro de categoria_EINF_Engenharia de Informação_EN1007_Trabalho de Graduação I_0_2_4_Obrigatória_Obrigatória_Não há_N_SA_1_30_30_2_2___
_EINF_Engenharia de Informação_EN1601_Estágio Curricular I em Engenharia de Informação_0_7_0_Obrigatória_Obrigatória_Não há_D_SA_1_30_30_3_3___
_EINF_Engenharia de Informação_EN1601_Estágio Curricular I em Engenharia de Informação_0_7_0_Obrigatória_Obrigatória_Não há_N_SA_1_30_30_3_3___
erro de categoria_EINF_Engenharia de Informação_EN1008_Trabalho de Graduação II_0_2_4_Obrigatória_Obrigatória_Trabalho de Graduação I_D_SA_1_30_30_2_2___
erro de categoria_EINF_Engenharia de Informação_EN1008_Trabalho de Graduação II_0_2_4_Obrigatória_Obrigatória_Trabalho de Graduação I_N_SA_1_30_30_2_2___
_EINF_Engenharia de Informação_EN1602_Estágio Curricular II em Engenharia de Informação_0_7_0_Obrigatória_Obrigatória_Estágio Curricular I em Engenharia de Informação_D_SA_1_30_30_3_3___
_EINF_Engenharia de Informação_EN1602_Estágio Curricular II em Engenharia de Informação_0_7_0_Obrigatória_Obrigatória_Estágio Curricular I em Engenharia de Informação_N_SA_1_30_30_3_3___
erro de categoria_EINF_Engenharia de Informação_EN1009_Trabalho de Graduação III_0_2_4_Obrigatória_Obrigatória_Trabalho de Graduação II_D_SA_1_30_30_2_2___
erro de categoria_EINF_Engenharia de Informação_EN1009_Trabalho de Graduação III_0_2_4_Obrigatória_Obrigatória_Trabalho de Graduação II_N_SA_1_30_30_2_2___
_EIAR_Engenharia de Instrumentação, Automação e Robótica_EN2705_Circuitos Elétricos II_3_2_4_Obrigatória_Obrigatória_Circuitos Elétricos I_D_SA_1_30_30_5_5_seco_semanal_
_EIAR_Engenharia de Instrumentação, Automação e Robótica_EN2705_Circuitos Elétricos II_3_2_4_Obrigatória_Obrigatória_Circuitos Elétricos I_N_SA_1_30_30_5_5_seco_semanal_
_EIAR_Engenharia de Instrumentação, Automação e Robótica_EN2719_Dispositivos Eletrônicos_3_2_4_Obrigatória_Obrigatória_Circuitos Elétricos e Fotônica_D_SA_2_30_60_10_10_seco_semanal_(A1 e A2) 60 alunos na aula de teoria (Prof. EIAR) e dois laboratórios com um prof. EIAR e outro EngInfo
_EIAR_Engenharia de Instrumentação, Automação e Robótica_EN2719_Dispositivos Eletrônicos_3_2_4_Obrigatória_Obrigatória_Circuitos Elétricos e Fotônica_N_SA_1_30_30_5_5_seco_semanal_
erro de categoria_EIAR_Engenharia de Instrumentação, Automação e Robótica_EN2715_Fundamentos de Robótica_3_1_4_Obrigatória_Obrigatória_Sistemas de Controle I_D_SA_1_20_20_4_4_seco_quinzenal_
erro de categoria_EIAR_Engenharia de Instrumentação, Automação e Robótica_EN2715_Fundamentos de Robótica_3_1_4_Obrigatória_Obrigatória_Sistemas de Controle I_N_SA_1_20_20_4_4_seco_quinzenal_Turma A e Turma B com turma de teoria em comum (mesma sala e horário)/Parte prática em separado/Fundamentos de Robótica é Obrigatória para EIAR
_EIAR_Engenharia de Instrumentação, Automação e Robótica_EN2708_Fotônica_3_1_4_Obrigatória_Obrigatória_Circuitos Elétricos e Fotônica_D_SA_1_30_30_4_4_seco_quinzenal_
_EIAR_Engenharia de Instrumentação, Automação e Robótica_EN2708_Fotônica_3_1_4_Obrigatória_Obrigatória_Circuitos Elétricos e Fotônica_N_SA_1_30_30_4_4_seco_quinzenal_
_EIAR_Engenharia de Instrumentação, Automação e Robótica_EN2714_Acionamentos Elétricos_3_2_4_Obrigatória_Obrigatória_Máquinas Elétricas_D_SA_1_30_30_5_5_seco_semanal_
_EIAR_Engenharia de Instrumentação, Automação e Robótica_EN2714_Acionamentos Elétricos_3_2_4_Obrigatória_Obrigatória_Máquinas Elétricas_N_SA_1_30_30_5_5_seco_semanal_
_EIAR_Engenharia de Instrumentação, Automação e Robótica_EN2720_Eletrônica Analógica Aplicada_3_2_4_Obrigatória_Obrigatória_Dispositivos Eletrônicos_N_SA_1_30_30_5_5_seco_semanal_
_EIAR_Engenharia de Instrumentação, Automação e Robótica_EN2721_Automação de Sistemas Industriais_1_3_4_Obrigatória_Obrigatória_Sistemas de Controle II_D_SA_1_30_30_4_4_seco_semanal_
_EIAR_Engenharia de Instrumentação, Automação e Robótica_EN2721_Automação de Sistemas Industriais_1_3_4_Obrigatória_Obrigatória_Sistemas de Controle II_N_SA_1_30_30_4_4_seco_semanal_
_EIAR_Engenharia de Instrumentação, Automação e Robótica_EN2706_Análise de Sistemas Dinâmicos Lineares_3_0_4_Obrigatória_Obrigatória_Instrumentação e Controle_D_SA_1_60_60_3_3_sem prática__
_EIAR_Engenharia de Instrumentação, Automação e Robótica_EN2706_Análise de Sistemas Dinâmicos Lineares_3_0_4_Obrigatória_Obrigatória_Instrumentação e Controle_N_SA_1_60_60_3_3_sem prática__
_EIAR_Engenharia de Instrumentação, Automação e Robótica_EN2717_Introdução aos Processos de Fabricação_3_1_4_Obrigatória_Obrigatória_Sistemas CAD/CAM_D_SA_1_30_30_4_4_seco_quinzenal_
_EIAR_Engenharia de Instrumentação, Automação e Robótica_EN2717_Introdução aos Processos de Fabricação_3_1_4_Obrigatória_Obrigatória_Sistemas CAD/CAM_N_SA_1_30_30_4_4_seco_quinzenal_
_EIAR_Engenharia de Instrumentação, Automação e Robótica_EN3704_Robôs Móveis Autônomos_3_1_4_Opção Limitada_Opção Limitada_Fundamentos de Robótica_N_SA_1_30_30_4_4_seco_quinzenal_
_EIAR_Engenharia de Instrumentação, Automação e Robótica_EN3705_Controle Avançado de Robôs_3_0_4_Opção Limitada_Opção Limitada_Fundamentos de Robótica_N_SA_1_30_30_3_3_seco_semanal_
_EIAR_Engenharia de Instrumentação, Automação e Robótica_EN3717_Optoeletrônica_3_1_4_Opção Limitada_Opção Limitada_Fotônica_D_SA_1_30_30_4_4_seco_quinzenal_"A recomendação é ""Circuitos Elétricos e Fotônica (BC1519)"" e não ""Fotônica (EN2708)"": favor modificar"
_EIAR_Engenharia de Instrumentação, Automação e Robótica_EN3717_Optoeletrônica_3_1_4_Opção Limitada_Opção Limitada_Fotônica_N_SA_1_30_30_4_4_seco_quinzenal_"A recomendação é ""Circuitos Elétricos e Fotônica (BC1519)"" e não ""Fotônica (EN2708)"": favor modificar"
_EIAR_Engenharia de Instrumentação, Automação e Robótica_EN3712_Eletrônica de Potência I_3_2_4_Opção Limitada_Opção Limitada_Circuitos Elétricos I_D_SA_1_30_30_5_5_seco_semanal_
_EIAR_Engenharia de Instrumentação, Automação e Robótica_EN3712_Eletrônica de Potência I_3_2_4_Opção Limitada_Opção Limitada_Circuitos Elétricos I_N_SA_1_30_30_5_5_seco_semanal_
_EIAR_Engenharia de Instrumentação, Automação e Robótica_EN3715_Projeto de Microdispositivos para Instrumentação_3_1_4_Opção Limitada_Opção Limitada_Fundamentos de Eletrônica_N_SA_1_30_30_4_4_seco_quinzenal_
_EIAR_Engenharia de Instrumentação, Automação e Robótica_EN3708_Sistemas de Controle III_3_2_4_Opção Limitada_Opção Limitada_Sistemas de Controle II_N_SA_1_30_30_5_5_seco_semanal_
erro de categoria_EIAR_Engenharia de Instrumentação, Automação e Robótica_EN2715_Fundamentos de Robótica_3_1_4_Obrigatória_Obrigatória_Sistemas de Controle I_N_SA_1_20_20_4_4_seco_quinzenal_Turma A e Turma B com turma de teoria em comum (mesma sala e horário)/Parte prática em separado/Fundamentos de Robótica é Obrigatória para EIAR
_EMAT_Engenharia de Materiais_BC1302_Química dos Elementos_4_2_6_Obrigatória_Obrigatória_Não há_D_SA_1_30_30_6_6_úmido_semanal_
_EMAT_Engenharia de Materiais_BC1302_Química dos Elementos_4_2_6_Obrigatória_Obrigatória_Não há_N_SA_1_30_30_6_6_úmido_semanal_
_EMAT_Engenharia de Materiais_EN2802_Estado Sólido_4_0_4_Obrigatória_Obrigatória_Física Quântica; Materiais e Suas Propriedades_D_SA_1_60_60_4_4___
_EMAT_Engenharia de Materiais_EN2802_Estado Sólido_4_0_4_Obrigatória_Obrigatória_Física Quântica; Materiais e Suas Propriedades_N_SA_1_60_60_4_4___
_EMAT_Engenharia de Materiais_EN2821_Tópicos Experimentais em Materiais I_0_4_4_Obrigatória_Obrigatória_Materiais e Suas Propriedades; Métodos Experimentais em Engenharia_D_SA_1_30_30_4_4_seco/úmido_semanal_
_EMAT_Engenharia de Materiais_EN2821_Tópicos Experimentais em Materiais I_0_4_4_Obrigatória_Obrigatória_Materiais e Suas Propriedades; Métodos Experimentais em Engenharia_N_SA_1_30_30_4_4_seco/úmido_semanal_
_EMAT_Engenharia de Materiais_EN2815_Termodinâmica Estatística de Materiais_4_0_4_Obrigatória_Obrigatória_Fenômenos Térmicos; Termodinâmica Aplicada I_D_SA_1_60_60_4_4___
_EMAT_Engenharia de Materiais_EN2815_Termodinâmica Estatística de Materiais_4_0_4_Obrigatória_Obrigatória_Fenômenos Térmicos; Termodinâmica Aplicada I_N_SA_1_60_60_4_4___
_EMAT_Engenharia de Materiais_EN2816_Propriedades Mecânicas e Térmicas_3_1_4_Obrigatória_Obrigatória_Fenômenos Térmicos; Ciência dos Materiais_N_SA_1_30_30_4_4_seco_quinzenal_
_EMAT_Engenharia de Materiais_EN2822_Reologia I_2_0_3_Obrigatória_Obrigatória_Mecânica dos Sólidos I; Mecânica dos Fluidos I_D_SA_1_60_60_2_2___
_EMAT_Engenharia de Materiais_EN2822_Reologia I_2_0_3_Obrigatória_Obrigatória_Mecânica dos Sólidos I; Mecânica dos Fluidos I_N_SA_1_60_60_2_2___
_EMAT_Engenharia de Materiais_EN2820_Caracterização de Materiais_2_2_4_Obrigatória_Obrigatória_Propriedades Mecânicas e Térmicas; Propriedades Elétricas Magnéticas e Ópticas_D_SA_1_30_30_4_4_úmido_semanal_
_EMAT_Engenharia de Materiais_EN2820_Caracterização de Materiais_2_2_4_Obrigatória_Obrigatória_Propriedades Mecânicas e Térmicas; Propriedades Elétricas Magnéticas e Ópticas_N_SA_1_30_30_4_4_úmido_semanal_
_EMAT_Engenharia de Materiais_EN3802_Nanociência e Nanotecnologia_2_0_2_Opção Limitada_Opção Limitada_Física Quântica; Ciência dos Materiais_N_SA_1_60_60_2_2___
_EMAT_Engenharia de Materiais_EN3806_Design de Dispositivos_3_1_4_Opção Limitada_Opção Limitada_Propriedades Elétricas, Magnéticas e Ópticas_N_SA_1_30_30_4_4_seco_quinzenal_
_EMAT_Engenharia de Materiais_EN3814_Blendas Poliméricas e Aditivação de Polímeros_4_0_4_Opção Limitada_Opção Limitada_Síntese de Polímeros; Materiais Poliméricos_N_SA_1_60_60_4_4___
_EMAT_Engenharia de Materiais_EN3816_Simulação e Processamento de Polímeros_3_1_4_Opção Limitada_Opção Limitada_Tópicos Computacionais em Materiais; Materiais Poliméricos; Reologia I_N_SA_1_30_30_4_4_seco/úmido_quinzenal_
_EMAT_Engenharia de Materiais_EN3817_Engenharia de Cerâmicas_3_1_4_Opção Limitada_Opção Limitada_Materiais Cerâmicos_N_SA_1_30_30_4_4_seco/úmido_quinzenal_
_EMAT_Engenharia de Materiais_EN3822_Engenharia de Metais_3_1_4_Opção Limitada_Opção Limitada_Materiais Metálicos_N_SA_1_30_30_4_4_seco_quinzenal_
_EMAT_Engenharia de Materiais_EN3823_Siderurgia e Engenharia dos Aços_4_0_4_Opção Limitada_Opção Limitada_Materiais Metálicos_N_SA_1_60_60_4_4___
_EMAT_Engenharia de Materiais_EN3825_Materiais para Energia e Ambiente_4_0_4_Opção Limitada_Opção Limitada_Propriedades Elétricas, Magnéticas e Ópticas; Propriedades Mecânicas e Térmicas_N_SA_1_60_60_4_4___
_EMAT_Engenharia de Materiais_EN3827_Engenharia de Filmes Finos_3_1_4_Opção Limitada_Opção Limitada_Ciência dos Materiais; Reologia I_N_SA_1_30_30_4_4_seco/úmido_quinzenal_
_TE_Engenharias_BC1519_Circuitos Elétricos e Fotônica_3_1_5_Obrigatória_Obrigatória_Fenômenos Eletromagnéticos_D_SA_2_60_120_8_10_SECO_QUINZENAL_
_TE_Engenharias_BC1519_Circuitos Elétricos e Fotônica_3_1_5_Obrigatória_Obrigatória_Fenômenos Eletromagnéticos_N_SA_2_60_120_8_10_SECO_QUINZENAL_
_TE_Engenharias_BC1519_Circuitos Elétricos e Fotônica_3_1_5_Obrigatória_Obrigatória_Fenômenos Eletromagnéticos_D_SB_1_60_60_4_5_SECO_QUINZENAL_
_TE_Engenharias_BC1519_Circuitos Elétricos e Fotônica_3_1_5_Obrigatória_Obrigatória_Fenômenos Eletromagnéticos_N_SB_1_60_60_4_5_SECO_QUINZENAL_
_TE_Engenharias_BC1713_Engenharia Econômica_2_1_3_Obrigatória_Obrigatória_-_D_SA_2_90_180_6_6___
_TE_Engenharias_BC1713_Engenharia Econômica_2_1_3_Obrigatória_Obrigatória_-_N_SA_2_90_180_6_6___
_TE_Engenharias_BC1713_Engenharia Econômica_2_1_3_Obrigatória_Obrigatória_-_D_SB_1_90_90_3_3___
_TE_Engenharias_BC1713_Engenharia Econômica_2_1_3_Obrigatória_Obrigatória_-_N_SB_1_60_60_3_3___
_TE_Engenharias_EN1002_Engenharia Unificada I_0_3_5_Obrigatória_Obrigatória_-_D_SA_2_30_60_6_6_SECO_SEMANAL_
_TE_Engenharias_EN1002_Engenharia Unificada I_0_3_5_Obrigatória_Obrigatória_-_N_SA_3_30_90_9_9_SECO_SEMANAL_
_TE_Engenharias_EN1004_Engenharia Unificada II_0_3_5_Obrigatória_Obrigatória_-_D_SA_2_30_60_6_6_SECO_SEMANAL_
_TE_Engenharias_EN1004_Engenharia Unificada II_0_3_5_Obrigatória_Obrigatória_-_N_SA_3_30_90_9_9_SECO_SEMANAL_
_TE_Engenharias_BC1416_Fundamentos de Desenho e Projeto_1_3_4_Obrigatória_Obrigatória_Não há_D_SA_3_30_90_12_12_INFORMATICA_SEMANAL_
_TE_Engenharias_BC1416_Fundamentos de Desenho e Projeto_1_3_4_Obrigatória_Obrigatória_Não há_N_SA_3_30_90_12_12_INFORMATICA_SEMANAL_
_TE_Engenharias_BC1416_Fundamentos de Desenho e Projeto_1_3_4_Obrigatória_Obrigatória_Não há_D_SB_1_30_30_4_4_INFORMATICA_SEMANAL_
_TE_Engenharias_BC1416_Fundamentos de Desenho e Projeto_1_3_4_Obrigatória_Obrigatória_Não há_N_SB_1_30_30_4_4_INFORMATICA_SEMANAL_
_TE_Engenharias_BC1507_Instrumentação e Controle_3_1_5_Obrigatória_Obrigatória_Introdução às Equações Diferenciais Ordinárias; Circuitos Elétricos e Fotônica_D_SA_2_30_60_8_10_SECO_QUINZENAL_
_TE_Engenharias_BC1507_Instrumentação e Controle_3_1_5_Obrigatória_Obrigatória_Introdução às Equações Diferenciais Ordinárias; Circuitos Elétricos e Fotônica_N_SA_2_30_60_8_10_SECO_QUINZENAL_
_TE_Engenharias_BC1507_Instrumentação e Controle_3_1_5_Obrigatória_Obrigatória_Introdução às Equações Diferenciais Ordinárias; Circuitos Elétricos e Fotônica_N_SB_1_30_30_4_4_SECO_QUINZENAL_
_TE_Engenharias_BC1710_Introdução às Engenharias_2_0_4_Obrigatória_Obrigatória_Não há_D_SA_2_90_180_4_4___
_TE_Engenharias_BC1710_Introdução às Engenharias_2_0_4_Obrigatória_Obrigatória_Não há_N_SA_2_90_180_4_4___
_TE_Engenharias_BC1710_Introdução às Engenharias_2_0_4_Obrigatória_Obrigatória_Não há_D_SB_1_90_90_2_2___
_TE_Engenharias_BC1710_Introdução às Engenharias_2_0_4_Obrigatória_Obrigatória_Não há_N_SB_1_90_90_2_2___
_TE_Engenharias_BC1105_Materiais e Suas Propriedades_3_1_5_Obrigatória_Obrigatória_Não há_D_SA_4_60_240_16_20_SECO_QUINZENAL_
_TE_Engenharias_BC1105_Materiais e Suas Propriedades_3_1_5_Obrigatória_Obrigatória_Não há_N_SA_2_60_120_8_10_SECO_QUINZENAL_
_TE_Engenharias_BC1103_Mecânica dos Fluidos I_3_1_5_Obrigatória_Obrigatória_Fenômenos Térmicos_D_SA_2_90_180_8_8___
_TE_Engenharias_BC1103_Mecânica dos Fluidos I_3_1_5_Obrigatória_Obrigatória_Fenômenos Térmicos_N_SA_2_90_180_8_8___
_TE_Engenharias_BC1103_Mecânica dos Fluidos I_3_1_5_Obrigatória_Obrigatória_Fenômenos Térmicos_N_SB_1_90_90_4_4___
_TE_Engenharias_BC1104_Mecânica dos Sólidos I_3_1_5_Obrigatória_Obrigatória_Funções de Uma Variável; Fenômenos Mecânicos_D_SA_2_90_180_8_8___
_TE_Engenharias_BC1104_Mecânica dos Sólidos I_3_1_5_Obrigatória_Obrigatória_Funções de Uma Variável; Fenômenos Mecânicos_N_SA_2_90_180_8_8___
_TE_Engenharias_BC1104_Mecânica dos Sólidos I_3_1_5_Obrigatória_Obrigatória_Funções de Uma Variável; Fenômenos Mecânicos_N_SB_1_90_90_4_4___
_TE_Engenharias_BC1707_Métodos Experimentais em Engenharia_0_3_2_Obrigatória_Obrigatória_Circuitos Elétricos e Fotônica; Mecânica dos Fluidos I_D_SA_4_30_120_12_12_SECO_SEMANAL_
_TE_Engenharias_BC1707_Métodos Experimentais em Engenharia_0_3_2_Obrigatória_Obrigatória_Circuitos Elétricos e Fotônica; Mecânica dos Fluidos I_N_SA_4_30_120_12_12_SECO_SEMANAL_
_TE_Engenharias_BC1707_Métodos Experimentais em Engenharia_0_3_2_Obrigatória_Obrigatória_Circuitos Elétricos e Fotônica; Mecânica dos Fluidos I_D_SB_1_30_30_3_3_SECO_SEMANAL_
_TE_Engenharias_BC1707_Métodos Experimentais em Engenharia_0_3_2_Obrigatória_Obrigatória_Circuitos Elétricos e Fotônica; Mecânica dos Fluidos I_N_SB_1_30_30_3_3_SECO_SEMANAL_
_TE_Engenharias_BC1309_Termodinâmica Aplicada_3_1_5_Obrigatória_Obrigatória_Fenômenos Térmicos_D_SA_2_90_180_8_8___
_TE_Engenharias_BC1309_Termodinâmica Aplicada_3_1_5_Obrigatória_Obrigatória_Fenômenos Térmicos_N_SA_2_90_180_8_8___
_TE_Engenharias_BC1309_Termodinâmica Aplicada_3_1_5_Obrigatória_Obrigatória_Fenômenos Térmicos_D_SB_1_90_90_4_4___
_LCB_Licenciatura em Ciências Biológicas_NH4301_Práticas de Ensino de Biologia III_3_0_4_Obrigatória_Obrigatória_Não há_D_SA_1_20_20_3_3___
_LCB_Licenciatura em Ciências Biológicas_NH4301_Práticas de Ensino de Biologia III_3_0_4_Obrigatória_Obrigatória_Não há_N_SA_1_20_20_3_3___
_LCB_Licenciatura em Ciências Biológicas_NH4304_Práticas de Ciências no Ensino Fundamental_4_0_4_Obrigatória_Obrigatória_Não há_D_SA_1_20_20_4_4___
_LCB_Licenciatura em Ciências Biológicas_EN4117_Educação Ambiental_2_0_4_Opção Limitada_Opção Limitada_Não há_D_SB_2_40_80_4_4___
_LFIL_Licenciatura em Filosofia_BH1205_Estética_4_0_4_Obrigatória_Obrigatória_Não há_D_SB_1_20_20_4_4___
_LFIL_Licenciatura em Filosofia_BH1205_Estética_4_0_4_Obrigatória_Obrigatória_Não há_N_SB_1_20_20_4_4___
_LFIL_Licenciatura em Filosofia_BH1215_Teoria do Conhecimento: Empirismo versus Racionalismo_4_0_4_Obrigatória_Obrigatória_Não há_D_SB_1_20_20_4_4___
_LFIL_Licenciatura em Filosofia_BH1215_Teoria do Conhecimento: Empirismo versus Racionalismo_4_0_4_Obrigatória_Obrigatória_Não há_N_SB_1_20_20_4_4___
_LFIL_Licenciatura em Filosofia_BH1309_História da Filosofia Medieval: Patrística e Escolástica_4_0_4_Obrigatória_Obrigatória_Não há_D_SB_1_20_20_4_4___
_LFIL_Licenciatura em Filosofia_BH1309_História da Filosofia Medieval: Patrística e Escolástica_4_0_4_Obrigatória_Obrigatória_Não há_N_SB_1_20_20_4_4___
_LFIL_Licenciatura em Filosofia_BH1312_História da Filosofia Contemporânea: o Século XX_4_0_4_Obrigatória_Obrigatória_Não há_D_SB_1_20_20_4_4___
_LFIL_Licenciatura em Filosofia_BH1312_História da Filosofia Contemporânea: o século XX_4_0_4_Obrigatória_Obrigatória_Não há_N_SB_1_20_20_4_4___
_LFIL_Licenciatura em Filosofia_BH1207_Filosofia da Lógica_4_0_4_Opção Limitada_Opção Limitada_Bases Matemáticas, Bases Epistemológicas da Ciência Moderna, Pensamento Crítico, Lógica_D_SB_1_20_20_4_4___
_LFIL_Licenciatura em Filosofia_BH1207_Filosofia da Lógica_4_0_4_Opção Limitada_Opção Limitada_Bases Matemáticas, Bases Epistemológicas da Ciência Moderna, Pensamento Crítico, Lógica_N_SB_1_20_20_4_4___
_LFIL_Licenciatura em Filosofia_BH1220_Temas da Filosofia Medieval_4_0_4_Opção Limitada_Opção Limitada_Não há_D_SB_1_20_20_4_4___
_LFIL_Licenciatura em Filosofia_BH1220_Temas da Filosofia Medieval_4_0_4_Opção Limitada_Opção Limitada_Não há_N_SB_1_20_20_4_4___
_LFIL_Licenciatura em Filosofia_NH5134_Temas da Filosofia Contemporânea_4_0_4_Opção Limitada_Opção Limitada_Não há_D_SB_1_20_20_4_4___
_LFIL_Licenciatura em Filosofia_NH5134_Temas da Filosofia Contemporânea_4_0_4_Opção Limitada_Opção Limitada_Não há_N_SB_1_20_20_4_4___
_LFIL_Licenciatura em Filosofia_BH1209_Filosofia da Educação_4_0_4_Obrigatória_Obrigatória_Não há_D_SB_1_40_40_4_4___
_LFIL_Licenciatura em Filosofia_BH1210_Filosofia da Educação_4_0_4_Obrigatória_Obrigatória_Não há_N_SB_1_40_40_4_4___
_LFIL_Licenciatura em Filosofia_NH4509_Estágio Supervisionado em Filosofia II_2_6_4_Obrigatória_Obrigatória_Não há_D_SB_1_40_40_3_3___
_LFIL_Licenciatura em Filosofia_NH4509_Estágio Supervisionado em Filosofia II_2_6_4_Obrigatória_Obrigatória_Não há_N_SB_1_40_40_3_3___
_LFIL_Licenciatura em Filosofia_BH1223_Prática de Ensino de Filosofia II_3_0_4_Obrigatória_Obrigatória_Prática de Ensino de Filosofia_D_SB_1_40_40_3_3___
_LFIL_Licenciatura em Filosofia_BH1223_Prática de Ensino de Filosofia II_3_0_4_Obrigatória_Obrigatória_Prática de Ensino de Filosofia_N_SB_1_40_40_3_3___
_LFIL_Licenciatura em Filosofia_BH1226_Prática de Ensino de Filosofia V_3_0_4_Obrigatória_Obrigatória_Prática de Ensino de Filosofia I, II, III e IV_D_SB_1_40_40_3_3___
_LFIL_Licenciatura em Filosofia_BH1226_Prática de Ensino de Filosofia V_3_0_4_Obrigatória_Obrigatória_Prática de Ensino de Filosofia I, II, III e IV_N_SB_1_40_40_3_3___
_LFIL_Licenciatura em Filosofia_NH4512_Estágio Supervisionado em Filosofia V_2_6_4_Obrigatória_Obrigatória_Não há_D_SB_1_40_40_3_3___
_LFIL_Licenciatura em Filosofia_NH4512_Estágio Supervisionado em Filosofia V_2_6_4_Obrigatória_Obrigatória_Não há_N_SB_1_40_40_3_3___
_LFIS_Licenciatura em Física_NH4302_Práticas de Ensino de Física III_3_0_4_Obrigatória_Obrigatória_Não há_D_SA_1_20_20_3_3___
_LFIS_Licenciatura em Física_BC1218_Teoria Eletromagnetica_4_2_6_Obrigatória_Obrigatória_nc_D_SA_1_70__6____
_LFIS_Licenciatura em Física_NH4302_Práticas de Ensino de Física III_3_0_4_Obrigatória_Obrigatória_Não há_N_SA_1_20_20_3_3___
_LFIS_Licenciatura em Física_NH4352_Estágio Supervisionado em Física III (Nível Médio)_0_0_0_Obrigatória_Obrigatória_Não há_D_SA_1_20_20_3_3___
_LFIS_Licenciatura em Física_NH4352_Estágio Supervisionado em Física III (Nível Médio)_0_0_0_Obrigatória_Obrigatória_Não há_N_SA_1_20_20_3_3___
_LFIS_Licenciatura em Física_NH4399_Princípios de Mecânica Quântica_4_0_4_Obrigatória_Obrigatória_Não há_D_SA_1_35_35_4_4___
_LFIS_Licenciatura em Física_NH4399_Princípios de Mecânica Quântica_4_0_4_Obrigatória_Obrigatória_Não há_N_SA_1_35_70_4_4___
_LMAT_Licenciatura em Matemática_MC8310_Geometria Plana e Construções Geométricas_4_0_4_Obrigatória_Obrigatória_Não há_D_SA_1_20_20_4_4_não há_não há_
_LMAT_Licenciatura em Matemática_MC8310_Geometria Plana e Construções Geométricas_4_0_4_Obrigatória_Obrigatória_Não há_N_SA_1_20_20_4_4_não há_não há_
_LMAT_Licenciatura em Matemática_MC8304_Fundamentos de Geometria_4_0_4_Obrigatória_Obrigatória_Geometria Plana e Construções Geométricas_D_SA_1_20_20_4_4_não há_não há_
_LMAT_Licenciatura em Matemática_MC8304_Fundamentos de Geometria_4_0_4_Obrigatória_Obrigatória_Geometria Plana e Construções Geométricas_N_SA_1_20_20_4_4_não há_não há_
_LMAT_Licenciatura em Matemática_MC8303_Fundamentos de Análise_4_0_4_Obrigatória_Obrigatória_Funções de Uma Variável; Funções de Várias Variáveis_D_SA_1_20_20_4_4_não há_não há_
_LMAT_Licenciatura em Matemática_MC8303_Fundamentos de Análise_4_0_4_Obrigatória_Obrigatória_Funções de Uma Variável; Funções de Várias Variáveis_N_SA_1_20_20_4_4_não há_não há_
_LMAT_Licenciatura em Matemática_BC1425_Álgebra Linear_6_0_5_Obrigatória_Obrigatória_Geometria Analítica_D_SA_1_20_20_6_6_não há_não há_
_LMAT_Licenciatura em Matemática_BC1425_Álgebra Linear_6_0_5_Obrigatória_Obrigatória_Geometria Analítica_N_SA_1_20_20_6_6_não há_não há_
_LMAT_Licenciatura em Matemática_MC8308_Práticas de Ensino de Matemática no Ensino Fundamental_4_0_4_Obrigatória_Obrigatória_Não há_D_SA_1_20_20_4_4_L401-2 - Laboratório de Práticas de Ensino de Matemática e Cognição_Semanal_
_LMAT_Licenciatura em Matemática_MC8308_Práticas de Ensino de Matemática no Ensino Fundamental_4_0_4_Obrigatória_Obrigatória_Não há_N_SA_1_20_20_4_4_L401-2 - Laboratório de Práticas de Ensino de Matemática e Cognição_Semanal_
_LMAT_Licenciatura em Matemática_MC8307_Práticas de Ensino de Matemática III_3_0_4_Obrigatória_Obrigatória_Práticas de Ensino de Matemática II_D_SA_1_20_20_3_3_L401-2 - Laboratório de Práticas de Ensino de Matemática e Cognição_Semanal_
_LMAT_Licenciatura em Matemática_MC8307_Práticas de Ensino de Matemática III_3_0_4_Obrigatória_Obrigatória_Práticas de Ensino de Matemática II_N_SA_1_20_20_3_3_L401-2 - Laboratório de Práticas de Ensino de Matemática e Cognição_Semanal_
_LMAT_Licenciatura em Matemática_BC1628_Estágio Supervisionado I (Nível Fundamental)_0_0_0_Obrigatória_Obrigatória_Não há_D_SA_1_15_15_3_3_L401-2 - Laboratório de Práticas de Ensino de Matemática e Cognição_Quinzenal_
_LMAT_Licenciatura em Matemática_BC1628_Estágio Supervisionado I (Nível Fundamental)_0_0_0_Obrigatória_Obrigatória_Não há_N_SA_1_15_15_3_3_L401-2 - Laboratório de Práticas de Ensino de Matemática e Cognição_Quinzenal_
_LMAT_Licenciatura em Matemática_BC1629_Estágio Supervisionado II (Nível Fundamental)_0_0_0_Obrigatória_Obrigatória_Não há_D_SA_1_15_15_3_3_L401-2 - Laboratório de Práticas de Ensino de Matemática e Cognição_Quinzenal_
_LMAT_Licenciatura em Matemática_BC1629_Estágio Supervisionado II (Nível Fundamental)_0_0_0_Obrigatória_Obrigatória_Não há_N_SA_1_15_15_3_3_L401-2 - Laboratório de Práticas de Ensino de Matemática e Cognição_Quinzenal_
_LMAT_Licenciatura em Matemática_MC8150_Estágio Supervisionado em Matemática I (Nível Médio)_0_0_0_Obrigatória_Obrigatória_Não há_D_SA_1_15_15_3_3_L401-2 - Laboratório de Práticas de Ensino de Matemática e Cognição_Quinzenal_
_LMAT_Licenciatura em Matemática_MC8150_Estágio Supervisionado em Matemática I (Nível Médio)_0_0_0_Obrigatória_Obrigatória_Não há_N_SA_1_15_15_3_3_L401-2 - Laboratório de Práticas de Ensino de Matemática e Cognição_Quinzenal_
_LMAT_Licenciatura em Matemática_MC8250_Estágio Supervisionado em Matemática II (Nível Médio)_0_0_0_Obrigatória_Obrigatória_Não há_D_SA_1_15_15_3_3_L401-2 - Laboratório de Práticas de Ensino de Matemática e Cognição_Quinzenal_
_LMAT_Licenciatura em Matemática_MC8250_Estágio Supervisionado em Matemática II (Nível Médio)_0_0_0_Obrigatória_Obrigatória_Não há_N_SA_1_15_15_3_3_L401-2 - Laboratório de Práticas de Ensino de Matemática e Cognição_Quinzenal_
_LMAT_Licenciatura em Matemática_MC8350_Estágio Supervisionado em Matemática III (Nível Médio)_0_0_0_Obrigatória_Obrigatória_Não há_D_SA_1_15_15_3_3_L401-2 - Laboratório de Práticas de Ensino de Matemática e Cognição_Quinzenal_
_LMAT_Licenciatura em Matemática_MC8350_Estágio Supervisionado em Matemática III (Nível Médio)_0_0_0_Obrigatória_Obrigatória_Não há_N_SA_1_15_15_3_3_L401-2 - Laboratório de Práticas de Ensino de Matemática e Cognição_Quinzenal_
_LMAT_Licenciatura em Matemática_BC1626_Desenvolvimento e Aprendizagem_4_0_4_Obrigatória_Obrigatória_Não há_D_SA_1_50_50_4_4_não há_não há_
_LMAT_Licenciatura em Matemática_BC1626_Desenvolvimento e Aprendizagem_4_0_4_Obrigatória_Obrigatória_Não há_N_SA_1_50_50_4_4_não há_não há_
_LIC_LICENCIATURAS_BC1626_Desenvolvimento e Aprendizagem_4_0_4_Obrigatória_Obrigatória_Não há_D_SA_1_35_35_4_4___RESP: LIC QUÍMICA
_LIC_LICENCIATURAS_BC1626_Desenvolvimento e Aprendizagem_4_0_4_Obrigatória_Obrigatória_Não há_N_SA_2_35_70_8_8___RESP: LIC QUÍMICA E MATEMÁTICA
_LIC_LICENCIATURAS_BC1626_mc_4_0_4_Obrigatória_Obrigatória_Não há_N_SB_1_35_35_4_4___RESP: LIC FILOSOFIA
_LIC_LICENCIATURAS_BC1626_Desenvolvimento e Aprendizagem_4_0_4_Obrigatória_Obrigatória_Não há_D_SB_1_35_35_4_4___RESP: LIC FILOSOFIA
_LIC_LICENCIATURAS_NH4304_Práticas de Ciências no Ensino Fundamental_4_0_4_Obrigatória_Obrigatória_Não há_N_SA_1_35_35_4_4___RESP: LIC BIOLOGIA
_LIC_LICENCIATURAS_NH4304_Práticas de Ciências no Ensino Fundamental_4_0_4_Obrigatória_Obrigatória_Não há_D_SA_1_35_35_4_4___RESP: LIC FISICA
_LIC_LICENCIATURAS_BC1628_Estágio Supervisionado I (Nível Fundamental)_0_0_0_Obrigatória_Obrigatória_Não há_D_SA_1_20_20_3_3___RESP: LIC BIOLOGIA
_LIC_LICENCIATURAS_BC1628_Estágio Supervisionado I (Nível Fundamental)_0_0_0_Obrigatória_Obrigatória_Não há_N_SA_1_20_20_3_3___RESP: LIC FISICA
_LIC_LICENCIATURAS_BC1629_Estágio Supervisionado II (Nível Fundamental)_0_0_0_Obrigatória_Obrigatória_Não há_D_SA_1_20_20_3_3___RESP: LIC BIOLOGIA
_LIC_LICENCIATURAS_BC1629_Estágio Supervisionado II (Nível Fundamental)_0_0_0_Obrigatória_Obrigatória_Não há_N_SA_1_20_20_3_3___RESP: LIC FISICA
_LIC_LICENCIATURAS_BC1613_Nascimento e Desenvolvimento da Ciência Moderna_4_0_4_Opção Limitada / Livre_Opção Limitada_Não há_D_SA_1_35_35_4_4___RESP: LIC FISICA
_LIC_LICENCIATURAS_BC1613_Nascimento e Desenvolvimento da Ciência Moderna_4_0_4_Opção Limitada / Livre_Opção Limitada_Não há_N_SA_1_35_35_4_4___RESP: LIC BIOLOGIA
_LIC_LICENCIATURAS_EN4117_Educação Ambiental_2_0_4_Opção Limitada / Livre_Opção Limitada_Não há_D_SB_1_40_40_2_2___RESP: LIC BIOLOGIA
_LIC_LICENCIATURAS_EN4117_Educação Ambiental_2_0_4_Opção Limitada / Livre_Opção Limitada_Não há_N_SB_1_40_40_2_2___RESP: LIC BIOLOGIA
_LQUIM_Licientatura em Química_NH4303_Práticas de Ensino de Química III_3_0_4_Obrigatória_Obrigatória_Não há_D_SA_1_25_25_3_3___
_LQUIM_Licientatura em Química_NH4303_Práticas de Ensino de Química III_3_0_4_Obrigatória_Obrigatória_Não há_N_SA_1_25_25_3_3___
_LQUIM_Licientatura em Química_NH4353_Estágio Supervisionado em Química III (Nível Médio)_0_0_0_Obrigatória_Obrigatória_Não há_D_SA_1_25_25_3_3___
_LQUIM_Licientatura em Química_NH4353_Estágio Supervisionado em Química III (Nível Médio)_0_0_0_Obrigatória_Obrigatória_Não há_N_SA_1_25_25_3_3___
_LQUIM_Licientatura em Química_NH3005_Química dos Materiais_4_2_4_Livre_Opção Limitada_Não há_D_SA_1_25_25_6_6_ÚMIDO_SEMANAL_
