_ABREV._CURSO_CÓDIGO_DISCIPLINA_T_P_I_"CATEGORIA(no curso)"_"CATEGORIA(Geral)"_RECOMENDAÇÃO_"TURNO(D/N)"_"CAMPUS(SA/SB)"_TURMAS_"VAGAS(por turma)"_"VAGAS(total)"_CRÉDITOS_ creditos redução  aulas teóricas/ práticas_"Tipo de laboratório(seco, úmido ou informática)Informar se demanda um laboratório específico"_"Uso do laboratório(semanal ou quinzenal)"_"OBSERVAÇÃO(se houver)"_
_BCC_Bacharelado em Ciência da Computação_BC1517_Circuitos Digitais_3_1_4_Obrigatória_Obrigatória_Não há_D_SA_1_70_70_4_4____Não
_BCC_Bacharelado em Ciência da Computação_BC1517_Circuitos Digitais_3_1_4_Obrigatória_Obrigatória_Não há_N_SA_1_70_70_4_4_Informática_Semanal__Não
_BCC_Bacharelado em Ciência da Computação_BC1501_Programação Orientada a Objetos_2_2_4_Obrigatória_Obrigatória_Não há_D_SA_1_70_70_4_4_Informática_Semanal__Não
_BCC_Bacharelado em Ciência da Computação_BC1501_Programação Orientada a Objetos_2_2_4_Obrigatória_Obrigatória_Não há_N_SA_1_70_70_4_4_Informática_Semanal__Não
_BCC_Bacharelado em Ciência da Computação_BC1518_Sistemas Operacionais_3_1_4_Obrigatória_Obrigatória_Não há_D_SA_1_70_70_4_4_Informática_Semanal__Não
_BCC_Bacharelado em Ciência da Computação_BC1518_Sistemas Operacionais_3_1_4_Obrigatória_Obrigatória_Não há_N_SA_1_70_70_4_4_Informática_Semanal__Não
_BCC_Bacharelado em Ciência da Computação_BC1429_Teoria dos Grafos_3_1_4_Obrigatória_Obrigatória_Processamento da Informação_D_SA_1_70_70_4_4_Informática_Semanal__Não
_BCC_Bacharelado em Ciência da Computação_BC1429_Teoria dos Grafos_3_1_4_Obrigatória_Obrigatória_Processamento da Informação_N_SA_1_70_70_4_4_Informática_Semanal__Não
_BCC_Bacharelado em Ciência da Computação_MC3106_Linguagens Formais e Autômata_3_1_4_Obrigatória_Obrigatória_Não há_D_SA_1_70_70_4_4_Informática_Semanal__Não
_BCC_Bacharelado em Ciência da Computação_MC3106_Linguagens Formais e Autômata_3_1_4_Obrigatória_Obrigatória_Não há_N_SA_1_70_70_4_4_Informática_Semanal__Não
_BCC_Bacharelado em Ciência da Computação_BC1432_Programação Matemática_3_1_4_Obrigatória_Obrigatória_Álgebra Linear_D_SA_1_70_70_4_4_Informática_Semanal__Não
_BCC_Bacharelado em Ciência da Computação_BC1432_Programação Matemática_3_1_4_Obrigatória_Obrigatória_Álgebra Linear_N_SA_1_70_70_4_4_Informática_Semanal__Não
_BCC_Bacharelado em Ciência da Computação_MC3308_Paradigmas de Programação_2_2_4_Obrigatória_Obrigatória_Programação Orientada a Objetos; Lógica Básica_N_SA_1_70_70_4_4_Informática_Semanal__Não
_BCC_Bacharelado em Ciência da Computação_MC3308_Paradigmas de Programação_2_2_4_Obrigatória_Obrigatória_Programação Orientada a Objetos; Lógica Básica_D_SA_1_70_70_4_4_Informática_Semanal__Não
_BCC_Bacharelado em Ciência da Computação_MC3105_Sistemas Distribuídos_3_1_4_Obrigatória_Obrigatória_Não há_N_SA_1_70_70_4_4_Informática_Semanal__Não
_BCC_Bacharelado em Ciência da Computação_MC3105_Sistemas Distribuídos_3_1_4_Obrigatória_Obrigatória_Não há_D_SA_1_70_70_4_4_Informática_Semanal__Não
_BCC_Bacharelado em Ciência da Computação_MC7112_Estágio Supervisionado em Computação III_8_0_8_Obrigatória_Obrigatória_Estágio Supervisionado em Computação II_N_SA_1_70_70_3_3____Não
_BCC_Bacharelado em Ciência da Computação_MC7112_Estágio Supervisionado em Computação III_8_0_8_Obrigatória_Obrigatória_Estágio Supervisionado em Computação II_D_SA_1_70_70_3_3____Não
_BCC_Bacharelado em Ciência da Computação_MC7109_Projeto de Graduação em Computação III_8_0_8_Obrigatória_Obrigatória_Não há_D_SA_1_70_70_8_8____Não
_BCC_Bacharelado em Ciência da Computação_MC7109_Projeto de Graduação em Computação III_8_0_8_Obrigatória_Obrigatória_Não há_N_SA_1_70_70_8_8____Não
_BCC_Bacharelado em Ciência da Computação__Disciplina de Opção Limitada I (a ser definida) _2_2_4_Limitada_Opção Limitada__N_SA_1_70__4_4____
_BCC_Bacharelado em Ciência da Computação__Disciplina de Opção Limitada I (a ser definida)_2_2_4_Limitada_Opção Limitada__D_SA_1_70__4_4____
_BCC_Bacharelado em Ciência da Computação__Disciplina de Opção Limitada II (a ser definida)_2_2_4_Limitada_Opção Limitada__N_SA_1_70__4_4____Não
_BCC_Bacharelado em Ciência da Computação__Disciplina de Opção Limitada II (a ser definida) _2_2_4_Limitada_Opção Limitada__D_SA_1_70__4_4____Não
_BCC_Bacharelado em Ciência da Computação__Disciplina de Opção Limitada III (a ser definida)_2_2_4_Limitada_Opção Limitada__N_SA_1_70__4_4____Não
_BCC_Bacharelado em Ciência da Computação__Disciplina de Opção Limitada III (a ser definida)_2_2_4_Limitada_Opção Limitada__D_SA_1_70__4_4____Não
_BCT_Bacharelado em Ciência e Tecnologia_BC0002_Projeto Dirigido_0_2_10_Obrigatória_Obrigatória_Não há_D_SA_5_45_225_10_10____
_BCT_Bacharelado em Ciência e Tecnologia_BC0002_Projeto Dirigido_0_2_10_Obrigatória_Obrigatória_Não há_N_SA_5_45_225_10_10____
_BCT_Bacharelado em Ciência e Tecnologia_BC0002_Projeto Dirigido_0_2_10_Obrigatória_Obrigatória_Não há_D_SB_1_45_45_2_2____
_BCT_Bacharelado em Ciência e Tecnologia_BC0002_Projeto Dirigido_0_2_10_Obrigatória_Obrigatória_Não há_N_SB_1_45_45_2_2____
_BCT_Bacharelado em Ciência e Tecnologia_BC0003_Bases Matemáticas_4_0_5_Obrigatória_Obrigatória_Não há_D_SA_2_90_180_8_8____
_BCT_Bacharelado em Ciência e Tecnologia_BC0003_Bases Matemáticas_4_0_5_Obrigatória_Obrigatória_Não há_N_SA_3_90_270_12_12____
_BCT_Bacharelado em Ciência e Tecnologia_BC0003_Bases Matemáticas_4_0_5_Obrigatória_Obrigatória_Não há_D_SB_1_90_90_4_4____
_BCT_Bacharelado em Ciência e Tecnologia_BC0003_Bases Matemáticas_4_0_5_Obrigatória_Obrigatória_Não há_N_SB_2_90_180_8_8____
_BCT_Bacharelado em Ciência e Tecnologia_BC0004_Bases Epistemológicas da Ciência Moderna_3_0_4_Obrigatória_Obrigatória_Não há_D_SA_1_90_90_3_3____
_BCT_Bacharelado em Ciência e Tecnologia_BC0004_Bases Epistemológicas da Ciência Moderna_3_0_4_Obrigatória_Obrigatória_Não há_N_SA_1_90_90_3_3____
_BCT_Bacharelado em Ciência e Tecnologia_BC0004_Bases Epistemológicas da Ciência Moderna_3_0_4_Obrigatória_Obrigatória_Não há_D_SB_2_90_180_6_6____
_BCT_Bacharelado em Ciência e Tecnologia_BC0004_Bases Epistemológicas da Ciência Moderna_3_0_4_Obrigatória_Obrigatória_Não há_N_SB_2_90_180_6_6____
_BCT_Bacharelado em Ciência e Tecnologia_BC0005_Bases Computacionais da Ciência_0_2_2_Obrigatória_Obrigatória_Não há_D_SA_1_30_30_2_2_Informática___
_BCT_Bacharelado em Ciência e Tecnologia_BC0005_Bases Computacionais da Ciência_0_2_2_Obrigatória_Obrigatória_Não há_N_SA_1_30_30_2_2_Informática___
_BCT_Bacharelado em Ciência e Tecnologia_BC0005_Bases Computacionais da Ciência_0_2_2_Obrigatória_Obrigatória_Não há_D_SB_1_42_42_2_2_Informática___
_BCT_Bacharelado em Ciência e Tecnologia_BC0005_Bases Computacionais da Ciência_0_2_2_Obrigatória_Obrigatória_Não há_N_SB_1_42_42_2_2_Informática___
_BCT_Bacharelado em Ciência e Tecnologia_BC0102_Estrutura da Matéria_3_0_4_Obrigatória_Obrigatória_Não há_D_SA_1_90_90_3_3____
_BCT_Bacharelado em Ciência e Tecnologia_BC0102_Estrutura da Matéria_3_0_4_Obrigatória_Obrigatória_Não há_N_SA_1_90_90_3_3____
_BCT_Bacharelado em Ciência e Tecnologia_BC0102_Estrutura da Matéria_3_0_4_Obrigatória_Obrigatória_Não há_D_SB_1_90_90_3_3____
_BCT_Bacharelado em Ciência e Tecnologia_BC0102_Estrutura da Matéria_3_0_4_Obrigatória_Obrigatória_Não há_N_SB_1_90_90_3_3____
_BCT_Bacharelado em Ciência e Tecnologia_BC0103_Física Quântica_3_0_4_Obrigatória_Obrigatória_Não há_D_SA_5_90_450_15_15____
_BCT_Bacharelado em Ciência e Tecnologia_BC0103_Física Quântica_3_0_4_Obrigatória_Obrigatória_Não há_N_SA_5_90_450_15_15____
_BCT_Bacharelado em Ciência e Tecnologia_BC0103_Física Quântica_3_0_4_Obrigatória_Obrigatória_Não há_D_SB_1_90_90_3_3____
_BCT_Bacharelado em Ciência e Tecnologia_BC0103_Física Quântica_3_0_4_Obrigatória_Obrigatória_Não há_N_SB_1_90_90_3_3____
_BCT_Bacharelado em Ciência e Tecnologia_BC0104_Interações Atômicas e Moleculares_3_0_4_Obrigatória_Obrigatória_Estrutura da Matéria; Transformações Químicas; Física Quântica_D_SA_1_90_90_3_3____
_BCT_Bacharelado em Ciência e Tecnologia_BC0104_Interações Atômicas e Moleculares_3_0_4_Obrigatória_Obrigatória_Estrutura da Matéria; Transformações Químicas; Física Quântica_N_SA_1_90_90_3_3____
_BCT_Bacharelado em Ciência e Tecnologia_BC0104_Interações Atômicas e Moleculares_3_0_4_Obrigatória_Obrigatória_Estrutura da Matéria; Transformações Químicas; Física Quântica_D_SB_1_90_90_3_3____
_BCT_Bacharelado em Ciência e Tecnologia_BC0104_Interações Atômicas e Moleculares_3_0_4_Obrigatória_Obrigatória_Estrutura da Matéria; Transformações Químicas; Física Quântica_N_SB_1_90_90_3_3____
_BCT_Bacharelado em Ciência e Tecnologia_BC0207_Energia: Origens, Conversão e Uso_2_0_4_Obrigatória_Obrigatória_Não há_D_SA_3_90_270_6_6____
_BCT_Bacharelado em Ciência e Tecnologia_BC0207_Energia: Origens, Conversão e Uso_2_0_4_Obrigatória_Obrigatória_Não há_N_SA_3_90_270_6_6____
_BCT_Bacharelado em Ciência e Tecnologia_BC0207_Energia: Origens, Conversão e Uso_2_0_4_Obrigatória_Obrigatória_Não há_D_SB_2_90_180_4_4____
_BCT_Bacharelado em Ciência e Tecnologia_BC0207_Energia: Origens, Conversão e Uso_2_0_4_Obrigatória_Obrigatória_Não há_N_SB_2_90_180_4_4____
_BCT_Bacharelado em Ciência e Tecnologia_BC0208_Fenômenos Mecânicos_3_2_6_Obrigatória_Obrigatória_Não há_D_SA_5_90_450_75_45_Seco___
_BCT_Bacharelado em Ciência e Tecnologia_BC0208_Fenômenos Mecânicos_3_2_6_Obrigatória_Obrigatória_Não há_N_SA_5_90_450_75_45_Seco___
_BCT_Bacharelado em Ciência e Tecnologia_BC0208_Fenômenos Mecânicos_3_2_6_Obrigatória_Obrigatória_Não há_D_SB_2_90_180_30_18_Seco___
_BCT_Bacharelado em Ciência e Tecnologia_BC0208_Fenômenos Mecânicos_3_2_6_Obrigatória_Obrigatória_Não há_N_SB_2_90_180_30_18_Seco___
_BCT_Bacharelado em Ciência e Tecnologia_BC0209_Fenômenos Eletromagnéticos_3_2_6_Obrigatória_Obrigatória_Não há_D_SA_1_90_90_15_9_Seco___
_BCT_Bacharelado em Ciência e Tecnologia_BC0209_Fenômenos Eletromagnéticos_3_2_6_Obrigatória_Obrigatória_Não há_N_SA_1_90_90_15_9_Seco___
_BCT_Bacharelado em Ciência e Tecnologia_BC0209_Fenômenos Eletromagnéticos_3_2_6_Obrigatória_Obrigatória_Não há_D_SB_1_90_90_15_9_Seco___
_BCT_Bacharelado em Ciência e Tecnologia_BC0209_Fenômenos Eletromagnéticos_3_2_6_Obrigatória_Obrigatória_Não há_N_SB_1_90_90_15_9_Seco___
_BCT_Bacharelado em Ciência e Tecnologia_BC0304_Origem da Vida e Diversidade dos Seres Vivos_3_0_4_Obrigatória_Obrigatória_Não há_D_SA_1_90_90_3_3____
_BCT_Bacharelado em Ciência e Tecnologia_BC0304_Origem da Vida e Diversidade dos Seres Vivos_3_0_4_Obrigatória_Obrigatória_Não há_N_SA_1_90_90_3_3____
_BCT_Bacharelado em Ciência e Tecnologia_BC0306_Transformações nos Seres Vivos e Ambiente_3_0_4_Obrigatória_Obrigatória_Não há_D_SA_5_90_450_15_15____
_BCT_Bacharelado em Ciência e Tecnologia_BC0306_Transformações nos Seres Vivos e Ambiente_3_0_4_Obrigatória_Obrigatória_Não há_N_SA_5_90_450_15_15____
_BCT_Bacharelado em Ciência e Tecnologia_BC0306_Transformações nos Seres Vivos e Ambiente_3_0_4_Obrigatória_Obrigatória_Não há_D_SB_2_100_200_6_6____
_BCT_Bacharelado em Ciência e Tecnologia_BC0306_Transformações nos Seres Vivos e Ambiente_3_0_4_Obrigatória_Obrigatória_Não há_N_SB_2_100_200_6_6____
_BCT_Bacharelado em Ciência e Tecnologia_BC0308_Transformações Bioquímicas_3_2_6_Obrigatória_Obrigatória_Não há_D_SA_4_90_360_60_36_Úmido___
_BCT_Bacharelado em Ciência e Tecnologia_BC0308_Transformações Bioquímicas_3_2_6_Obrigatória_Obrigatória_Não há_N_SA_5_90_450_75_45_Úmido___
_BCT_Bacharelado em Ciência e Tecnologia_BC0308_Transformações Bioquímicas_3_2_6_Obrigatória_Obrigatória_Não há_D_SB_1_90_90_15_9_Úmido___
_BCT_Bacharelado em Ciência e Tecnologia_BC0308_Transformações Bioquímicas_3_2_6_Obrigatória_Obrigatória_Não há_N_SB_2_90_180_30_18_Úmido___
_BCT_Bacharelado em Ciência e Tecnologia_BC0402_Funções de Uma Variável_4_0_6_Obrigatória_Obrigatória_Bases Matemáticas_D_SA_6_90_540_24_24____
_BCT_Bacharelado em Ciência e Tecnologia_BC0402_Funções de Uma Variável_4_0_6_Obrigatória_Obrigatória_Bases Matemáticas_N_SA_6_90_540_24_24____
_BCT_Bacharelado em Ciência e Tecnologia_BC0402_Funções de Uma Variável_4_0_6_Obrigatória_Obrigatória_Bases Matemáticas_D_SB_2_100_200_8_8____
_BCT_Bacharelado em Ciência e Tecnologia_BC0402_Funções de Uma Variável_4_0_6_Obrigatória_Obrigatória_Bases Matemáticas_N_SB_2_100_200_8_8____
_BCT_Bacharelado em Ciência e Tecnologia_BC0404_Geometria Analítica_3_0_6_Obrigatória_Obrigatória_Não há_D_SA_1_90_90_3_3____
_BCT_Bacharelado em Ciência e Tecnologia_BC0404_Geometria Analítica_3_0_6_Obrigatória_Obrigatória_Não há_N_SA_2_90_180_6_6____
_BCT_Bacharelado em Ciência e Tecnologia_BC0404_Geometria Analítica_3_0_6_Obrigatória_Obrigatória_Não há_D_SB_1_100_100_3_3____
_BCT_Bacharelado em Ciência e Tecnologia_BC0404_Geometria Analítica_3_0_6_Obrigatória_Obrigatória_Não há_N_SB_2_100_200_6_6____
_BCT_Bacharelado em Ciência e Tecnologia_BC0405_Introdução às Equações Diferenciais Ordinárias_4_0_4_Obrigatória_Obrigatória_Funções de uma Variável_D_SA_1_90_90_4_4____
_BCT_Bacharelado em Ciência e Tecnologia_BC0405_Introdução às Equações Diferenciais Ordinárias_4_0_4_Obrigatória_Obrigatória_Funções de uma Variável_N_SA_1_90_90_4_4____
_BCT_Bacharelado em Ciência e Tecnologia_BC0405_Introdução às Equações Diferenciais Ordinárias_4_0_4_Obrigatória_Obrigatória_Funções de uma Variável_D_SB_1_90_90_4_4____
_BCT_Bacharelado em Ciência e Tecnologia_BC0405_Introdução às Equações Diferenciais Ordinárias_4_0_4_Obrigatória_Obrigatória_Funções de uma Variável_N_SB_1_90_90_4_4____
_BCT_Bacharelado em Ciência e Tecnologia_BC0406_Introdução à Probabilidade e à Estatística_3_0_4_Obrigatória_Obrigatória_Funções de uma variável_D_SA_5_90_450_15_15____
_BCT_Bacharelado em Ciência e Tecnologia_BC0406_Introdução à Probabilidade e à Estatística_3_0_4_Obrigatória_Obrigatória_Funções de uma variável_N_SA_5_90_450_15_15____
_BCT_Bacharelado em Ciência e Tecnologia_BC0406_Introdução à Probabilidade e à Estatística_3_0_4_Obrigatória_Obrigatória_Funções de uma variável_D_SB_1_90_90_3_3____
_BCT_Bacharelado em Ciência e Tecnologia_BC0406_Introdução à Probabilidade e à Estatística_3_0_4_Obrigatória_Obrigatória_Funções de uma variável_N_SB_1_90_90_3_3____
_BCT_Bacharelado em Ciência e Tecnologia_BC0407_Funções de Várias Variáveis_4_0_4_Obrigatória_Obrigatória_Geometria Analítica; Funções de uma Variável_D_SA_1_90_90_4_4____
_BCT_Bacharelado em Ciência e Tecnologia_BC0407_Funções de Várias Variáveis_4_0_4_Obrigatória_Obrigatória_Geometria Analítica; Funções de uma Variável_N_SA_1_90_90_4_4____
_BCT_Bacharelado em Ciência e Tecnologia_BC0407_Funções de Várias Variáveis_4_0_4_Obrigatória_Obrigatória_Geometria Analítica; Funções de uma Variável_D_SB_1_90_90_4_4____
_BCT_Bacharelado em Ciência e Tecnologia_BC0407_Funções de Várias Variáveis_4_0_4_Obrigatória_Obrigatória_Geometria Analítica; Funções de uma Variável_N_SB_1_90_90_4_4____
_BCT_Bacharelado em Ciência e Tecnologia_BC0504_Natureza da Informação_3_0_4_Obrigatória_Obrigatória_Bases Computacionais da Ciência_D_SA_5_90_450_15_15____
_BCT_Bacharelado em Ciência e Tecnologia_BC0504_Natureza da Informação_3_0_4_Obrigatória_Obrigatória_Bases Computacionais da Ciência_N_SA_5_90_450_15_15____
_BCT_Bacharelado em Ciência e Tecnologia_BC0504_Natureza da Informação_3_0_4_Obrigatória_Obrigatória_Bases Computacionais da Ciência_D_SB_2_90_180_6_6____
_BCT_Bacharelado em Ciência e Tecnologia_BC0504_Natureza da Informação_3_0_4_Obrigatória_Obrigatória_Bases Computacionais da Ciência_N_SB_2_90_180_6_6____
_BCT_Bacharelado em Ciência e Tecnologia_BC0602_Estrutura e Dinâmica Social_3_0_4_Obrigatória_Obrigatória_Não há_D_SA_1_90_90_3_3____
_BCT_Bacharelado em Ciência e Tecnologia_BC0602_Estrutura e Dinâmica Social_3_0_4_Obrigatória_Obrigatória_Não há_N_SA_1_90_90_3_3____
_BCT_Bacharelado em Ciência e Tecnologia_BC0602_Estrutura e Dinâmica Social_3_0_4_Obrigatória_Obrigatória_Não há_D_SB_2_90_180_6_6____
_BCT_Bacharelado em Ciência e Tecnologia_BC0602_Estrutura e Dinâmica Social_3_0_4_Obrigatória_Obrigatória_Não há_N_SB_2_90_180_6_6____
_BCT_Bacharelado em Ciência e Tecnologia_BC0603_Ciência, Tecnologia e Sociedade_3_0_4_Obrigatória_Obrigatória_Não há_D_SA_2_90_180_6_6____
_BCT_Bacharelado em Ciência e Tecnologia_BC0603_Ciência, Tecnologia e Sociedade_3_0_4_Obrigatória_Obrigatória_Não há_N_SA_2_90_180_6_6____
_BCT_Bacharelado em Ciência e Tecnologia_BC0603_Ciência, Tecnologia e Sociedade_3_0_4_Obrigatória_Obrigatória_Não há_D_SB_2_90_180_6_6____
_BCT_Bacharelado em Ciência e Tecnologia_BC0603_Ciência, Tecnologia e Sociedade_3_0_4_Obrigatória_Obrigatória_Não há_N_SB_2_90_180_6_6____
_BCB_Bacharelado em Ciências Biológicas_NH1803_Biologia Animal II_3_2_3_Obrigatória_Obrigatória_Sistemática e Biogeografia; Biologia Animal I_D_SA_1_30_30_5_5_ÚMIDO___
_BCB_Bacharelado em Ciências Biológicas_NH1803_Biologia Animal II_3_2_3_Obrigatória_Obrigatória_Sistemática e Biogeografia; Biologia Animal I_N_SA_1_30_30_5_5_ÚMIDO___
_BCB_Bacharelado em Ciências Biológicas_NH1802_Biologia Vegetal II_3_2_3_Obrigatória_Obrigatória_Biologia Vegetal I, Bioquímica Funcional, Genética Molecular_D_SA_1_30_30_5_5_ÚMIDO___
_BCB_Bacharelado em Ciências Biológicas_NH1802_Biologia Vegetal II_3_2_3_Obrigatória_Obrigatória_Biologia Vegetal I, Bioquímica Funcional, Genética Molecular_N_SA_1_30_30_5_5_ÚMIDO___
_BCB_Bacharelado em Ciências Biológicas_BC1307_Biologia Celular_3_2_4_Obrigatória_Obrigatória_Origem da Vida e Diversidade dos Seres Vivos_D_SA_1_30_30_5_5_ÚMIDO___
_BCB_Bacharelado em Ciências Biológicas_BC1307_Biologia Celular_3_2_4_Obrigatória_Obrigatória_Origem da Vida e Diversidade dos Seres Vivos_N_SA_1_30_30_5_5_ÚMIDO___
_BCB_Bacharelado em Ciências Biológicas_BC1326_Bioquímica Funcional_4_2_4_Obrigatória_Obrigatória_Transformações Químicas; Transformações Bioquímicas_D_SA_1_30_30_6_6_ÚMIDO___
_BCB_Bacharelado em Ciências Biológicas_BC1326_Bioquímica Funcional_4_2_4_Obrigatória_Obrigatória_Transformações Químicas; Transformações Bioquímicas_N_SA_1_30_30_6_6_ÚMIDO___
_BCB_Bacharelado em Ciências Biológicas_BC1329_Evolução_3_2_3_Obrigatória_Obrigatória_Origem da Vida e Diversidade dos Seres Vivos, Sistemática e Biogeografia, Genética Geral, Genética Molecular, Introdução à Probabilidade e à Estatística_D_SA_1_30_30_5_5___Não será alocada em lab._
_BCB_Bacharelado em Ciências Biológicas_BC1329_Evolução_3_2_3_Obrigatória_Obrigatória_Origem da Vida e Diversidade dos Seres Vivos, Sistemática e Biogeografia, Genética Geral, Genética Molecular, Introdução à Probabilidade e à Estatística_N_SA_1_30_30_5_5___Não será alocada em lab._
_BCB_Bacharelado em Ciências Biológicas_BC1409_Modelagem de Sistemas Biológicos_3_1_4_Obrigatória_Obrigatória_Equações Diferenciais Ordinárias_D_SA_1_30_30_4_4_INFOMÁTICA___
_BCB_Bacharelado em Ciências Biológicas_BC1409_Modelagem de Sistemas Biológicos_3_1_4_Obrigatória_Obrigatória_Equações Diferenciais Ordinárias_N_SA_1_30_30_4_4_INFOMÁTICA___
_BCB_Bacharelado em Ciências Biológicas_BC1321_Sistemas Biológicos I_4_2_4_Obrigatória_Obrigatória_Biologia Celular_D_SA_1_30_30_6_6_ÚMIDO___
_BCB_Bacharelado em Ciências Biológicas_BC1321_Sistemas Biológicos I_4_2_4_Obrigatória_Obrigatória_Biologia Celular_N_SA_1_30_30_6_6_ÚMIDO___
_BCB_Bacharelado em Ciências Biológicas_BC1325_Sistemas Biológicos IV_4_2_4_Obrigatória_Obrigatória_Biologia Celular; Sistemas Biológicos I_D_SA_1_30_30_6_6_ÚMIDO___
_BCB_Bacharelado em Ciências Biológicas_BC1325_Sistemas Biológicos IV_4_2_4_Obrigatória_Obrigatória_Biologia Celular; Sistemas Biológicos I_N_SA_1_30_30_6_6____
_BCB_Bacharelado em Ciências Biológicas_NH1017_Trabalho de Conclusão de Curso em Biologia_2_0_2_Obrigatória_Obrigatória_Conclusão do BC&T; disciplinas obrigatórias do curso_D_SA_1_30_30_2_2____
_BCB_Bacharelado em Ciências Biológicas_NH1017_Trabalho de Conclusão de Curso em Biologia_2_0_2_Obrigatória_Obrigatória_Conclusão do BC&T; disciplinas obrigatórias do curso_N_SA_1_30_30_2_2____
_BCB_Bacharelado em Ciências Biológicas_NH4906_Morfofisiologia Evolutiva_4_0_4_Opção Limitada_Opção Limitada_Biologia Animal I; Biologia Animal II; Biologia Animal III; Evolução_D_SA_1_30_30_4_4____
_BCB_Bacharelado em Ciências Biológicas_NH4906_Morfofisiologia Evolutiva_4_0_4_Opção Limitada_Opção Limitada_Biologia Animal I; Biologia Animal II; Biologia Animal III; Evolução_N_SA_1_30_30_4_4____
_BCB_Bacharelado em Ciências Biológicas_NH1009_História das Idéias Biológicas_2_0_4_Opção Limitada_Opção Limitada_Origem da Vida e Diversidade dos Seres Vivos; Evolução_D_SA_1_30_30_2_2____
_BCB_Bacharelado em Ciências Biológicas_NH1018_Virologia_4_0_4_Opção Limitada_Opção Limitada_Biologia Celular; Microbiologia_D_SA_1_30_30_4_4____
_BCB_Bacharelado em Ciências Biológicas_NH1007_Etnofarmacologia_2_1_2_Opção Limitada_Opção Limitada_Transformações Bioquímica; Farmacologia_D_SA_1_30_30_3_3_ÚMIDO___
_BCB_Bacharelado em Ciências Biológicas_NH1010_Imunologia_4_0_5_Opção Limitada_Opção Limitada_Transformações Bioquímica; Biologia Celular_D_SA_1_30_30_4_4____
_BCH_Bacharelado em Ciências e Humanidades_BC0304_Origem da Vida e Diversidade dos Seres Vivos_3_0_4_Obrigatória_Obrigatória_Não há_D_SB_2_120_240_6_6____
_BCH_Bacharelado em Ciências e Humanidades_BC0304_Origem da Vida e Diversidade dos Seres Vivos_3_0_4_Obrigatória_Obrigatória_Não há_N_SB_2_120_240_6_6____
_BCH_Bacharelado em Ciências e Humanidades_BC0603_Ciência, Tecnologia e Sociedade_3_0_4_Obrigatória_Obrigatória_Não há_D_SB_2_100_200_6_6____
_BCH_Bacharelado em Ciências e Humanidades_BC0603_Ciência, Tecnologia e Sociedade_3_0_4_Obrigatória_Obrigatória_Não há_N_SB_2_100_200_6_6____
_BCH_Bacharelado em Ciências e Humanidades_BC1613_Nascimento e Desenvolvimento da Ciência Moderna_4_0_4_Obrigatória_Obrigatória_Não há_D_SB_2_100_200_8_8____
_BCH_Bacharelado em Ciências e Humanidades_BC1613_Nascimento e Desenvolvimento da Ciência Moderna_4_0_4_Obrigatória_Obrigatória_Não há_N_SB_2_100_200_8_8____
_BCH_Bacharelado em Ciências e Humanidades_BH0202_Pensamento Crítico_4_0_4_Obrigatória_Obrigatória_Não há_D_SB_2_100_200_8_8____
_BCH_Bacharelado em Ciências e Humanidades_BH0202_Pensamento Crítico_4_0_4_Obrigatória_Obrigatória_Não há_N_SB_2_100_200_8_8____
_BCH_Bacharelado em Ciências e Humanidades_BH0203_Problemas Metodológicos das Ciências Sociais_4_0_4_Obrigatória_Obrigatória_Não há_D_SB_2_120_240_8_8____
_BCH_Bacharelado em Ciências e Humanidades_BH0203_Problemas Metodológicos das Ciências Sociais_4_0_4_Obrigatória_Obrigatória_Não há_N_SB_2_120_240_8_8____
_BCH_Bacharelado em Ciências e Humanidades_BC0003_Bases Matemáticas_4_0_5_Obrigatória_Obrigatória_Não há_D_SB_1_100_100_4_4____
_BCH_Bacharelado em Ciências e Humanidades_BC0003_Bases Matemáticas_4_0_5_Obrigatória_Obrigatória_Não há_N_SB_1_100_100_4_4____
_BCE_Bacharelado em Ciências Econômicas_BH1101_Introdução à Economia_4_0_4_Obrigatória_Obrigatória_Não há_D_SB_2_90_180_8_8____
_BCE_Bacharelado em Ciências Econômicas_BH1101_Introdução à Economia_4_0_4_Obrigatória_Obrigatória_Não há_N_SB_2_90_180_8_8____
_BCE_Bacharelado em Ciências Econômicas_BH1129_Contabilidade Básica_4_0_3_Obrigatória_Obrigatória_Não há_D_SB_1_90_240_8_8____
_BCE_Bacharelado em Ciências Econômicas_BH1129_Contabilidade Básica_4_0_3_Obrigatória_Obrigatória_Não há_N_SB_1_90_240_8_8____
_BCE_Bacharelado em Ciências Econômicas_BH1301_História do Pensamento Econômico_4_0_4_Obrigatória_Obrigatória_Não há_D_SB_1_90_90_4_4____
_BCE_Bacharelado em Ciências Econômicas_BH1301_História do Pensamento Econômico_4_0_4_Obrigatória_Obrigatória_Não há_N_SB_1_90_90_4_4____
_BCE_Bacharelado em Ciências Econômicas_BH1303_História Econômica Geral_4_0_4_Obrigatória_Obrigatória_Não há_D_SB_1_90_90_4_4____
_BCE_Bacharelado em Ciências Econômicas_BH1303_História Econômica Geral_4_0_4_Obrigatória_Obrigatória_Não há_N_SB_1_90_90_4_4____
_BCE_Bacharelado em Ciências Econômicas_BH1403_Metodologia_4_0_3_Obrigatória_Obrigatória_Não há_D_SB_1_90_90_4_4____
_BCE_Bacharelado em Ciências Econômicas_BH1403_Metodologia_4_0_3_Obrigatória_Obrigatória_Não há_N_SB_1_90_90_4_4____
_BCE_Bacharelado em Ciências Econômicas_BH1133_Microeconomia II_4_0_3_Obrigatória_Obrigatória_Microeconomia I_D_SB_1_90_90_4_4____
_BCE_Bacharelado em Ciências Econômicas_BH1133_Microeconomia II_4_0_3_Obrigatória_Obrigatória_Microeconomia I_N_SB_1_90_90_4_4____
_BCE_Bacharelado em Ciências Econômicas_BH1134_Macroeconomia II_3_0_4_Obrigatória_Obrigatória_Macroeconomia I_D_SB_1_90_90_4_4____
_BCE_Bacharelado em Ciências Econômicas_BH1134_Macroeconomia II_3_0_4_Obrigatória_Obrigatória_Macroeconomia I_N_SB_1_90_90_4_4____
_BCE_Bacharelado em Ciências Econômicas_BH1120_Economia e Meio Ambiente_3_0_3_Obrigatória_Obrigatória_Não há_D_SB_1_90_90_4_4____
_BCE_Bacharelado em Ciências Econômicas_BH1120_Economia e Meio Ambiente_3_0_3_Obrigatória_Obrigatória_Não há_N_SB_1_90_90_4_4____
_BCE_Bacharelado em Ciências Econômicas_BH1139_Economia Monetária_4_0_3_Obrigatória_Obrigatória_Macroeconomia II_D_SB_1_90_90_4_4____
_BCE_Bacharelado em Ciências Econômicas_BH1139_Economia Monetária_4_0_3_Obrigatória_Obrigatória_Macroeconomia II_N_SB_1_90_90_4_4____
_BCE_Bacharelado em Ciências Econômicas_BH1140_Desenvolvimento Socioeconômico_4_0_3_Obrigatória_Obrigatória_Não há_D_SB_1_90_90_4_4____
_BCE_Bacharelado em Ciências Econômicas_BH1140_Desenvolvimento Socioeconômico_4_0_3_Obrigatória_Obrigatória_Não há_N_SB_1_90_90_4_4____
_BCE_Bacharelado em Ciências Econômicas_BH1420_Monografia I_0_8_0_Obrigatória_Obrigatória_Técnicas em pesqisa_D_SB_1_45_90_3_3____
_BCE_Bacharelado em Ciências Econômicas_BH1420_Monografia I_0_8_0_Obrigatória_Obrigatória_Técnicas em pesqisa_N_SB_1_45_90_3_3____
_BCE_Bacharelado em Ciências Econômicas_BC1711_Engenharia Econômica_2_1_3_Livre_Obrigatória_Não há__SA_2_90_90_3_3____
_BCE_Bacharelado em Ciências Econômicas_BC0603_Ciência, Tecnologia e Sociedade_3_0_4_Obrigatória_Obrigatória_Não há__SB_2_100_90_3_3____
_BCE_Bacharelado em Ciências Econômicas_BH1421_Monografia II_0_9_0_Obrigatória_Obrigatória_Monografia I_D_SB_1_45_45_9_9____
_BCE_Bacharelado em Ciências Econômicas_BH1421_Monografia II_0_9_0_Obrigatória_Obrigatória_Monografia I_N_SB_1_45_45_9_9____
_BFIL_Bacharelado em Filosofia_BH1306_História da Filosofia Moderna: Perspectivas Racionalistas_4_0_4_Obrigatória_Obrigatória_Não há_D_SB_1_20_20_4_4_NÃO_NÃO_Não _
_BFIL_Bacharelado em Filosofia_BH1306_História da Filosofia Moderna: Perspectivas Racionalistas_4_0_4_Obrigatória_Obrigatória_Não há_N_SB_1_20_20_4_4_NÃO_NÃO_Não _
_BFIL_Bacharelado em Filosofia_BH1203_Ética_4_0_4_Obrigatória_Obrigatória_Não há_D_SB_1_20_20_4_4_NÃO_NÃO_Não _
_BFIL_Bacharelado em Filosofia_BH1203_Ética_4_0_4_Obrigatória_Obrigatória_Não há_N_SB_1_20_20_4_4_NÃO_NÃO_Não _
_BFIL_Bacharelado em Filosofia_BH1307_História da Filosofia Contemporânea: o Século XIX_4_0_4_Obrigatória_Obrigatória_Não há_D_SB_1_20_20_4_4_NÃO_NÃO_Não _
_BFIL_Bacharelado em Filosofia_BH1307_História da Filosofia Contemporânea: o Século XIX_4_0_4_Obrigatória_Obrigatória_Não há_N_SB_1_20_20_4_4_NÃO_NÃO_Não _
_BFIL_Bacharelado em Filosofia_BC1426_Lógica Básica_4_0_4_Obrigatória_Obrigatória_Bases Epistemológicas da Ciência Moderna; Funções de uma Variável_D_SB_1_20_20_4_4_NÃO_NÃO_Não _
_BFIL_Bacharelado em Filosofia_BC1426_Lógica Básica_4_0_4_Obrigatória_Obrigatória_Bases Epistemológicas da Ciência Moderna; Funções de uma Variável_N_SB_1_20_20_4_4_NÃO_NÃO_Não _
_BFIL_Bacharelado em Filosofia_NH5112_TEORIA CRÍTICA E ESCOLA DE FRANKFURT_4_0_4_Opção Limitada_Opção Limitada_Não há_D_SB_1_20_20_4_4_NÃO_NÃO_Não _
_BFIL_Bacharelado em Filosofia_NH5112_TEORIA CRÍTICA E ESCOLA DE FRANKFURT_4_0_4_Opção Limitada_Opção Limitada_Não há_N_SB_1_20_20_4_4_NÃO_NÃO_Não _
_BFIL_Bacharelado em Filosofia_BH1311_História da Filosofia Antiga: Aristóteles e o Aristotelismo_4_0_4_Obrigatória_Obrigatória_Não há_D_SB_1_20_20_4_4_NÃO_NÃO_Não _
_BFIL_Bacharelado em Filosofia_BH1311_História da Filosofia Antiga: Aristóteles e o Aristotelismo_4_0_4_Obrigatória_Obrigatória_Não há_N_SB_1_20_20_4_4_NÃO_NÃO_Não _
_BFIL_Bacharelado em Filosofia_BH1217_Teoria do Conhecimento: A Epistemologia Contemporânea_4_0_4_Obrigatória_Obrigatória_TEORIA DO CONHECIMENTO: EMPIRISMO VERSUS RACIONALISMO; LÓGICA BÁSICA_D_SB_1_20_20_4_4_NÃO_NÃO_Não _
_BFIL_Bacharelado em Filosofia_BH1217_Teoria do Conhecimento: A Epistemologia Contemporânea_4_0_4_Obrigatória_Obrigatória_TEORIA DO CONHECIMENTO: EMPIRISMO VERSUS RACIONALISMO; LÓGICA BÁSICA_N_SB_1_20_20_4_4_NÃO_NÃO_Não _
_BFIL_Bacharelado em Filosofia_BH1218_Filosofia Política_4_0_4_Obrigatória_Obrigatória_Não há_D_SB_1_20_20_4_4_NÃO_NÃO_Não _
_BFIL_Bacharelado em Filosofia_BH1218_Filosofia Política_4_0_4_Obrigatória_Obrigatória_Não há_N_SB_1_20_20_4_4_NÃO_NÃO_Não _
_BFIL_Bacharelado em Filosofia_NH5132_Pesquisa em Filosofia_4_0_4_Opção Limitada_Opção Limitada_Não há_D_SB_1_20_20_4_4_NÃO_NÃO_Não _
_BFIL_Bacharelado em Filosofia_NH5132_Pesquisa em Filosofia_4_0_4_Opção Limitada_Opção Limitada_Não há_N_SB_1_20_20_4_4_NÃO_NÃO_Não _
_BFIL_Bacharelado em Filosofia_BH1219_Problemas Metafísicos: Perspectivas Modernas_4_0_4_Obrigatória_Obrigatória_Não há_D_SB_1_20_20_4_4_NÃO_NÃO_Não _
_BFIL_Bacharelado em Filosofia_BH1219_Problemas Metafísicos: Perspectivas Modernas_4_0_4_Obrigatória_Obrigatória_Não há_N_SB_1_20_20_4_4_NÃO_NÃO_Não _
_BFIL_Bacharelado em Filosofia_BH1401_Filosofia da Ciência: o debate Popper-Kuhn e seus desdobramentos_4_0_4_Obrigatória_Obrigatória_Filosofia da Ciência: em torno à concepção ortodoxa_D_SB_1_20_20_4_4_NÃO_NÃO__
_BFIL_Bacharelado em Filosofia_BH1401_Filosofia da Ciência: o debate Popper-Kuhn e seus desdobramentos_4_0_4_Obrigatória_Obrigatória_Filosofia da Ciência: em torno à concepção ortodoxa_N_SB_1_20_20_4_4_NÃO_NÃO__
erro_BFIL_Bacharelado em Filosofia_NH5138_Lógica e os Fundamentos da Matemática_4_0_4_Opção Limitada_Opção Limitada_Não há_D_SB_1_20_20_4_4_NÃO_NÃO_Não _
_BFIL_Bacharelado em Filosofia_NH5138_Lógica e os Fundamentos da Matemática_4_0_4_Opção Limitada_Opção Limitada_Não há_N_SB_1_20_20_4_4_NÃO_NÃO_Não _
_BFIL_Bacharelado em Filosofia_NH5113_FILOSOFIA BRASILEIRA: HISTÓRIA E PROBLEMAS_4_0_4_Opção Limitada_Opção Limitada_Não há_D_SB_1_20_20_4_4_NÃO_NÃO_Não _
_BFIL_Bacharelado em Filosofia_NH5113_FILOSOFIA BRASILEIRA: HISTÓRIA E PROBLEMAS_4_0_4_Opção Limitada_Opção Limitada_Não há_N_SB_1_20_20_4_4_NÃO_NÃO_Não _
_BFIS_Bacharelado em Física_NH2704_Laboratório de Física Moderna_0_3_5_Obrigatória_Obrigatória_Não há_D_SA_1_30_30_3_3_seco (401-3)_semanal__
_BFIS_Bacharelado em Física_NH2704_Laboratório de Física Moderna_0_3_5_Obrigatória_Obrigatória_Não há_N_SA_1_30_30_3_3_seco (401-3)_semanal__
_BFIS_Bacharelado em Física_BC1420_Funções Especiais_4_0_4_Obrigatória_Obrigatória_Cálculo Vetorial e Tensorial_D_SA_1_30_30_4_4____
_BFIS_Bacharelado em Física_BC1420_Funções Especiais_4_0_4_Obrigatória_Obrigatória_Cálculo Vetorial e Tensorial_N_SA_1_30_30_4_4____
_BFIS_Bacharelado em Física_NH2802_Fundamentos da Eletrodinâmica_4_0_4_Obrigatória_Obrigatória_Não há_D_SA_1_30_30_4_4____
_BFIS_Bacharelado em Física_NH2802_Fundamentos da Eletrodinâmica_4_0_4_Obrigatória_Obrigatória_Não há_N_SA_1_30_30_4_4____
_BFIS_Bacharelado em Física_NH2805_Mecânica Quântica_6_0_10_Obrigatória_Obrigatória_Não há_D_SA_1_30_30_6_6____
_BFIS_Bacharelado em Física_NH2805_Mecânica Quântica_6_0_10_Obrigatória_Obrigatória_Não há_N_SA_1_30_30_6_6____
_BFIS_Bacharelado em Física_BC1220_Teoria da Relatividade_4_0_4_Obrigatória_Obrigatória_Fenômenos Eletromagnéticos_D_SA_1_30_30_4_4____
_BFIS_Bacharelado em Física_BC1220_Teoria da Relatividade_4_0_4_Obrigatória_Obrigatória_Fenômenos Eletromagnéticos_N_SA_1_30_30_4_4____
_BFIS_Bacharelado em Física_BC1317_Fenômenos Ondulatórios_3_1_4_Obrigatória_Obrigatória_Não há_D_SA_1_30_30_4_4_seco (401-3)_quinzenal__
_BFIS_Bacharelado em Física_BC1317_Fenômenos Ondulatórios_3_1_4_Obrigatória_Obrigatória_Não há_N_SA_1_30_30_4_4_seco (401-3)_quinzenal__
_BFIS_Bacharelado em Física_NH3901_Estrutura Atômica e Molecular_4_0_4_Opção Limitada_Opção Limitada_Não há_D_SA_1_30_30_4_4____
_BFIS_Bacharelado em Física_NH2201_Introdução à Física de Partículas Elementares_4_0_4_Opção Limitada_Opção Limitada_Não há_D_SA_1_30_30_4_4____
_BFIS_Bacharelado em Física_BC1308_Biofísica_4_0_4_Opção Limitada_Opção Limitada_Transformações Bioquímicas; Biologia Celular_N_SA_1_30_30_4_4____
_BFIS_Bacharelado em Física_BC1313_Introdução à Física Médica_3_0_5_Opção Limitada_Opção Limitada_Fenômenos Eletromagnéticos_D_SA_1_30_30_3_3____
_BFIS_Bacharelado em Física_NH2230_Laboratório de Propriedades Físicas de Materiais_2_2_4_Opção Limitada_Opção Limitada_Não há_N_SA_1_30_30_4_4_seco (401-3)_quinzenal__
_BFIS_Bacharelado em Física_NH2041_Tecnologia do Vácuo e Criogenia_1_2_5_Livre_livre_Não há_D_SA_1_30_30_3_3_seco (401-3)_quinzenal__
_BFIS_Bacharelado em Física_NH2042_Dinâmica Não-Linear e Caos_4_0_4_Livre_livre_Não há_N_SA_1_30_30_4_4____
_BFIS_Bacharelado em Física_NH2031_Fluidos Quânticos_4_0_4_Livre_livre_Não há_D_SA_1_30_30_4_4____
_BMAT_Bacharelado em Matemática_MC1101_Álgebra Linear Avançada II_4_0_4_Obrigatória_Obrigatória_Álgebra Linear Avançada I_D_SA_1_40_40_4_4____
_BMAT_Bacharelado em Matemática_MC1101_Álgebra Linear Avançada II_4_0_4_Obrigatória_Obrigatória_Álgebra Linear Avançada I_N_SA_1_40_40_4_4____
_BMAT_Bacharelado em Matemática_MC1204_Topologia I_4_0_4_Obrigatória_Obrigatória_Análise Real I_D_SA_1_40_40_4_4____
_BMAT_Bacharelado em Matemática_MC1204_Topologia I_4_0_4_Obrigatória_Obrigatória_Análise Real I_N_SA_1_40_40_4_4____
_BMAT_Bacharelado em Matemática_MC1201_Análise Real II_4_0_4_Obrigatória_Obrigatória_Análise Real I_D_SA_1_40_40_4_4____
_BMAT_Bacharelado em Matemática_MC1201_Análise Real II_4_0_4_Obrigatória_Obrigatória_Análise Real I_N_SA_1_40_40_4_4____
_BMAT_Bacharelado em Matemática_BC1438_Evolução dos Conceitos Matemáticos_4_0_4_Obrigatória_Obrigatória_Não há_D_SA_1_40_40_4_4____
_BMAT_Bacharelado em Matemática_BC1438_Evolução dos Conceitos Matemáticos_4_0_4_Obrigatória_Obrigatória_Não há_N_SA_1_40_40_4_4____
_BMAT_Bacharelado em Matemática_BC1432_Programação Matemática_3_1_4_Obrigatória_Obrigatória_Álgebra Linear_D_SA_1_40_40_4_4____
_BMAT_Bacharelado em Matemática_BC1432_Programação Matemática_3_1_4_Obrigatória_Obrigatória_Álgebra Linear_N_SA_1_40_40_4_4____
_BMAT_Bacharelado em Matemática_MC1202_Probabilidade_4_0_4_Obrigatória_Obrigatória_Teoria da Medida e Integração; Introdução à Probabilidade e à Estatística_D_SA_1_40_40_4_4____
_BMAT_Bacharelado em Matemática_Mc1202_Probabilidade_4_0_4_Obrigatória_Obrigatória_Teoria da Medida e Integração; Introdução à Probabilidade e à Estatística_N_SA_1_40_40_4_4____
_BMAT_Bacharelado em Matemática_MC2110_Trabalho de Conclusão de Curso em Matemática I_0_4_6_Livre_Obrigatória_Não há_N_SA_1_40_40_4_4____
_BMAT_Bacharelado em Matemática_BC1499_Cálculo Numérico_4_0_4_Livre_Obrigatória_Funções de Uma Variável; Processamento da Informação_D_SA_1_40_40_4_4____
_BMAT_Bacharelado em Matemática_BC1499_Cálculo Numérico_4_0_4_Livre_Obrigatória_Funções de Uma Variável; Processamento da Informação_N_SA_1_40_40_4_4____
_BMAT_Bacharelado em Matemática_BC1407_Sequências e Séries_4_0_4_Obrigatória_Obrigatória_Introdução às Equações Diferenciais_D_SA_1_40_40_4_4____
_BMAT_Bacharelado em Matemática_BC1407_Sequências e Séries_4_0_4_Obrigatória_Obrigatória_Introdução às Equações Diferenciais_N_SA_1_40_40_4_4____
_BMAT_Bacharelado em Matemática_MC2102_Análise no Rn II_4_0_4_Opção Limitada_Opção Limitada_Análise no Rn I_D_SA_1_40_40_4_4____
_BMAT_Bacharelado em Matemática_MC4001_Métodos de Otimização_4_0_4_Opção Limitada_Opção Limitada_Programação Matemática_D_SA_1_40_40_4_4____
_BMAT_Bacharelado em Matemática_Bc1402_Teoria Axiomática dos Conjuntos_4_0_4_Opção Limitada_Opção Limitada_Não há_N_SA_1_40_40_4_4____
_BMAT_Bacharelado em Matemática_MC2109_Módulos_4_0_4_Opção Limitada_Opção Limitada_Grupos; Anéis e Corpos_N_SA_1_40_40_4_4____
_BNC_Bacharelado em Neurociência_BC1325_Sistemas Biológicos IV_4_2_4_Obrigatória_Obrigatória_Biologia Celular; Sistemas Biológicos I_N_SB_1_30_30_6_6_úmido de Biologia Animal_semanal__
_BNC_Bacharelado em Neurociência_MC7007_Progressos e Métodos em Neurociência_3_1_4_Obrigatória_Obrigatória_Não há_D_SB_1_30_30_4_4____
_BNC_Bacharelado em Neurociência_MC7007_Progressos e Métodos em Neurociência_3_1_4_Obrigatória_Obrigatória_Não há_N_SB_1_30_30_4_4____
_BNC_Bacharelado em Neurociência_MC7007_Progressos e Métodos em Neurociência_3_1_4_Obrigatória_Obrigatória_Não há_D_SA_1_30_30_4_4___Turma vespertina_
_BNC_Bacharelado em Neurociência_MC8103_Processamento de Sinais Neurais_4_0_4_Obrigatória_Obrigatória_Não há_D_SB_1_30_30_4_4_informática_semanal__
_BNC_Bacharelado em Neurociência_MC8103_Processamento de Sinais Neurais_4_0_4_Obrigatória_Obrigatória_Não há_N_SB_1_30_30_4_4_informática_semanal__
_BNC_Bacharelado em Neurociência_MC8103_Processamento de Sinais Neurais_4_0_4_Obrigatória_Obrigatória_Não há_D_SA_1_30_30_4_4_informática_semanal_Turma vespertina_
_BNC_Bacharelado em Neurociência_MC8002_Desenvolvimento e Degeneração do Sistema Nervoso_4_0_4_Opção Limitada_Opção Limitada_Introdução à Neurociência_D_SB_1_30_30_4_4____
_BNC_Bacharelado em Neurociência_MC8002_Desenvolvimento e Degeneração do Sistema Nervoso_4_0_4_Opção Limitada_Opção Limitada_Introdução à Neurociência_N_SB_1_30_30_4_4____
_BNC_Bacharelado em Neurociência_MC8002_Desenvolvimento e Degeneração do Sistema Nervoso_4_0_4_Opção Limitada_Opção Limitada_Introdução à Neurociência_D_SA_1_30_30_4_4___Turma vespertina_
_BNC_Bacharelado em Neurociência_S.C._Ergonomia Cognitiva_4_0_4_Opção Limitada_Opção Limitada_Psicologia Cognitiva_D_SB_1_30_30_4_4____
_BNC_Bacharelado em Neurociência_S.C._Ergonomia Cognitiva_4_0_4_Opção Limitada_Opção Limitada_Psicologia Cognitiva_N_SB_1_30_30_4_4____
_BNC_Bacharelado em Neurociência_S.C._Ergonomia Cognitiva_4_0_4_Opção Limitada_Opção Limitada_Psicologia Cognitiva_D_SA_1_30_30_4_4___Turma vespertina_
_BNC_Bacharelado em Neurociência_BC1008_Introdução à Neurociência_4_0_5_Obrigatória_Obrigatória_Não há_D_SB_1_30_30_4_4____
_BNC_Bacharelado em Neurociência_BC1008_Introdução à Neurociência_4_0_5_Obrigatória_Obrigatória_Não há_N_SB_1_30_30_4_4____
_BNC_Bacharelado em Neurociência_MC8401_Introdução à Filosofia da Mente_2_0_2_Obrigatória_Obrigatória_Não há_D_SA_1_30_30_2_2___Turma vespertina_
_BPT_Bacharelado em Planejamento Territorial_BH1358_Planejamento e Política Rural_4_0_4_Obrigatória_Obrigatória_Não há_D_SB_1_38_38_4_4____
_BPT_Bacharelado em Planejamento Territorial_BH1360_Política Urbana_4_0_4_Obrigatória_Obrigatória_Não há_D_SB_1_38_38_4_4____
_BPT_Bacharelado em Planejamento Territorial_BH1349_Métodos de Planejamento_3_1_4_Obrigatória_Obrigatória_Não há_D_SB_1_38_38_4_4_Oficina do BPT_semanal_Laboratório específico do BPT Alfa 2 (térreo e 3 andar)_
_BPT_Bacharelado em Planejamento Territorial_BH1354_Oficina de Planejamento Macro e Meso Regional_0_4_4_Obrigatória_Obrigatória_Planejamento e Política Ambiental; Planejamento e Política Regional_D_SB_1_38_38_4_4_Oficina do BPT_semanal_Laboratório específico do BPT Alfa 2 (térreo e 3 andar)_
_BPT_Bacharelado em Planejamento Territorial_BH1358_Planejamento e Política Rural_4_0_4_Obrigatória_Obrigatória_Não há_N_SB_1_38_38_4_4____
_BPT_Bacharelado em Planejamento Territorial_BH1360_Política Urbana_4_0_4_Obrigatória_Obrigatória_Não há_N_SB_1_38_38_4_4____
_BPT_Bacharelado em Planejamento Territorial_BH1349_Métodos de Planejamento_3_1_4_Obrigatória_Obrigatória_Não há_N_SB_1_38_38_4_4_Oficina do BPT_semanal_Laboratório específico do BPT Alfa 2 (térreo e 3 andar)_
_BPT_Bacharelado em Planejamento Territorial_BH1354_Oficina de Planejamento Macro e Meso Regional_0_4_4_Obrigatória_Obrigatória_Planejamento e Política Ambiental; Planejamento e Política Regional_N_SB_1_38_38_4_4_Oficina do BPT_semanal_Laboratório específico do BPT Alfa 2 (térreo e 3 andar)_
_BPT_Bacharelado em Planejamento Territorial_BH1343_Arranjos Institucionais e Marco Regulatório do Território_2_0_2_Obrigatória_Obrigatória_Não há_D_SB_1_38_38_2_2____
_BPT_Bacharelado em Planejamento Territorial_BH1344_Demografia_4_0_4_Obrigatória_Obrigatória_Não há_D_SB_1_38_38_4_4____
_BPT_Bacharelado em Planejamento Territorial_BH1346_Economia do Território_4_0_3_Obrigatória_Obrigatória_Não há_D_SB_1_38_38_4_4____
_BPT_Bacharelado em Planejamento Territorial_BH1347_Estudos do Meio Físico_4_0_4_Obrigatória_Obrigatória_Não há_D_SB_1_38_38_4_4____
_BPT_Bacharelado em Planejamento Territorial_BH1362_Sociologia dos Territórios_4_0_4_Obrigatória_Obrigatória_Não há_D_SB_1_38_38_4_4____
_BPT_Bacharelado em Planejamento Territorial_BH1343_Arranjos Institucionais e Marco Regulatório do Território_2_0_2_Obrigatória_Obrigatória_Não há_N_SB_1_38_38_2_2____
_BPT_Bacharelado em Planejamento Territorial_BH1344_Demografia_4_0_4_Obrigatória_Obrigatória_Não há_N_SB_1_38_38_4_4____
_BPT_Bacharelado em Planejamento Territorial_BH1346_Economia do Território_4_0_3_Obrigatória_Obrigatória_Não há_N_SB_1_38_38_4_4____
_BPT_Bacharelado em Planejamento Territorial_BH1347_Estudos do Meio Físico_4_0_4_Obrigatória_Obrigatória_Não há_N_SB_1_38_38_4_4____
_BPT_Bacharelado em Planejamento Territorial_BH1362_Sociologia dos Territórios_4_0_4_Obrigatória_Obrigatória_Não há_N_SB_1_38_38_4_4____
_BPT_Bacharelado em Planejamento Territorial_CS3411_Política Habitacional_4_0_4_Opção Limitada_Opção Limitada_Erro:512_D_SB_1_38_38_4_4____
_BPT_Bacharelado em Planejamento Territorial_CS3411_Polítca Habitacional_4_0_4_Opção Limitada_Opção Limitada_Erro:512_N_SB_1_38_38_4_4____
_BPT_Bacharelado em Planejamento Territorial_CS3406_INFORMÁTICA APLICADA AO PLANEJAMENTO TERRITORIAL_1_3_4_Opção Limitada_Opção Limitada_Erro:512_D_SB_1_38_38_4_4_Laboratório de Cartografia e Geoprocessamento do BPT_semanal_Laboratório específico do BPT no Alfa 2 - térreo_
_BPT_Bacharelado em Planejamento Territorial_CS3406_INFORMÁTICA APLICADA AO PLANEJAMENTO TERRITORIAL_1_3_4_Opção Limitada_Opção Limitada_Erro:512_N_SB_1_38_38_4_4_Laboratório de Cartografia e Geoprocessamento do BPT_semanal_Laboratório específico do BPT no Alfa 2 - térreo_
_BPP_Bacharelado em Políticas Públicas_BH1100_Introdução às Políticas Públicas_4_0_4_Obrigatória_Obrigatória_Não há_D_SB_1_45_45_4_4____
_BPP_Bacharelado em Políticas Públicas_BH1100_Introdução às Políticas Públicas_4_0_4_Obrigatória_Obrigatória_Não há_N_SB_1_45_45_4_4____
_BPP_Bacharelado em Políticas Públicas_BH1107_Cidadania, Direitos e Desigualdades_4_0_4_Obrigatória_Obrigatória_Não há_D_SB_1_45_45_4_4____
_BPP_Bacharelado em Políticas Públicas_BH1107_Cidadania, Direitos e Desigualdades_4_0_4_Obrigatória_Obrigatória_Não há_N_SB_1_45_45_4_4____
_BPP_Bacharelado em Políticas Públicas_BH1302_Formação Histórica do Brasil_4_0_4_Obrigatória_Obrigatória_Não há_D_SB_1_45_45_4_4____
_BPP_Bacharelado em Políticas Públicas_BH1302_Formação Histórica do Brasil_4_0_4_Obrigatória_Obrigatória_Não há_N_SB_1_45_45_4_4____
_BPP_Bacharelado em Políticas Públicas_BH1101_Introdução à Economia_4_0_4_Obrigatória_Obrigatória_Não há_D_SB_1_45_45_4_4____
_BPP_Bacharelado em Políticas Públicas_BH1101_Introdução à Economia_4_0_4_Obrigatória_Obrigatória_Não há_N_SB_1_45_45_4_4____
_BPP_Bacharelado em Políticas Públicas_CS2104_Políticas Sociais_4_0_4_Obrigatória_Obrigatória_Não há_D_SB_1_45_45_4_4____
_BPP_Bacharelado em Políticas Públicas_CS2104_Políticas Sociais_4_0_4_Obrigatória_Obrigatória_Não há_N_SB_1_45_45_4_4____
_BPP_Bacharelado em Políticas Públicas_BH1124_Estado e Sociedade Civil Organizada_4_0_4_Obrigatória_Obrigatória_Não há_D_SB_1_45_45_4_4____
_BPP_Bacharelado em Políticas Públicas_BH1124_Estado e Sociedade Civil Organizada_4_0_4_Obrigatória_Obrigatória_Não há_N_SB_1_45_45_4_4____
_BPP_Bacharelado em Políticas Públicas_BH1125_Introdução ao Direito Constitucional_4_0_4_Obrigatória_Obrigatória_Não há_D_SB_1_45_45_4_4____
_BPP_Bacharelado em Políticas Públicas_BH1125_Introdução ao Direito Constitucional_4_0_4_Obrigatória_Obrigatória_Não há_N_SB_1_45_45_4_4____
_BPP_Bacharelado em Políticas Públicas_BH1126_Federalismo e Políticas Públicas_4_0_4_Obrigatória_Obrigatória_Não há_D_SB_1_45_45_4_4____
_BPP_Bacharelado em Políticas Públicas_BH1126_Federalismo e Políticas Públicas_4_0_4_Obrigatória_Obrigatória_Não há_N_SB_1_45_45_4_4____
_BPP_Bacharelado em Políticas Públicas_CS2115_Meio Ambiente e Políticas Públicas_4_0_4_Obrigatória_Obrigatória_Não há_D_SB_1_45_45_4_4____
_BPP_Bacharelado em Políticas Públicas_CS2115_Meio Ambiente e Políticas Públicas_4_0_4_Obrigatória_Obrigatória_Não há_N_SB_1_45_45_4_4____
erro_BPP_Bacharelado em Políticas Públicas_CS2120_Inovação nos Serviços Públicos_4_0_4_Obrigatória_Obrigatória_Não há_D_SB_1_45_45_4_4____
erro_BPP_Bacharelado em Políticas Públicas_CS2120_Inovação nos Serviços Públicos_4_0_4_Obrigatória_Obrigatória_Não há_N_SB_1_45_45_4_4____
erro_BPP_Bacharelado em Políticas Públicas_CS2121_Administração Municipal e Desenvolvimento Local_4_0_4_Obrigatória_Obrigatória_Não há_D_SB_1_45_45_4_4____
erro_BPP_Bacharelado em Políticas Públicas_CS2121_Administração Municipal e Desenvolvimento Local_4_0_4_Obrigatória_Obrigatória_Não há_N_SB_1_45_45_4_4____
_BPP_Bacharelado em Políticas Públicas_CS1101_Trabalho de Conclusão de Curso de Políticas Públicas I_0_2_6_Obrigatória_Obrigatória_Não há_D_SB_1_45_45_2_2____
_BPP_Bacharelado em Políticas Públicas_CS1102_Trabalho de Conclusão de Curso de Políticas Públicas II_0_2_6_Obrigatória_Obrigatória_Não há_D_SB_1_45_45_2_2____
_BPP_Bacharelado em Políticas Públicas_CS3107_ORÇAMENTO E POLÍTICA ORÇAMENTÁRIA_4_0_4_Opção Limitada_Opção Limitada_Não há_D_SB_1_45_45_4_4____
_BPP_Bacharelado em Políticas Públicas_CS3107_ORÇAMENTO E POLÍTICA ORÇAMENTÁRIA_4_0_4_Opção Limitada_Opção Limitada_Não há_N_SB_1_45_45_4_4____
_BPP_Bacharelado em Políticas Públicas_CS3111_Políticas Urbanas_4_0_4_Opção Limitada_Opção Limitada_Não há_D_SB_1_45_45_4_4____
_BPP_Bacharelado em Políticas Públicas_CS3111_Políticas Urbanas_4_0_4_Opção Limitada_Opção Limitada_Não há_N_SB_1_45_45_4_4____
_BQ_Bacharelado em Química_NH3903_Química Analítica Instrumental_2_4_6_Obrigatória_Obrigatória_Erro:512_D_SA_1_30__6_6_Úmido_Semanal__
_BQ_Bacharelado em Química_NH3902_Química Orgânica Aplicada_0_4_6_Obrigatória_Obrigatória_Não há_D_SA_1_30__4_4_Úmido_Semanal__
_BQ_Bacharelado em Química_NH3201_Trabalho de Conclusão de Curso em Química_2_0_2_Obrigatória_Obrigatória_Não há_D_SA_1_15__2_2____
_BQ_Bacharelado em Química_BC1328_Bioquímica Experimental_2_4_6_Obrigatória_Obrigatória_Não há_D_SA_1_30__6_6_Úmido_Semanal__
_BQ_Bacharelado em Química_NH3701_Mecanismos de Reações Orgânicas_4_0_6_Obrigatória_Obrigatória_Não há_D_SA_1_50__4_4____
_BQ_Bacharelado em Química_BC1401_Química Analítica Clássica I_4_2_6_Obrigatória_Obrigatória_Não há_D_SA_1_30_30_6_6_Úmido_Semanal__
_BQ_Bacharelado em Química_NH3907_Desenho e Projeto em Química_3_0_4_Opção Limitada_Opção Limitada_Não há_D_SA_1_50__3_3____
_BQ_Bacharelado em Química_EN3420_Tecnologia de Produção de Biodiesel_4_0_4_Opção Limitada_Opção Limitada_Não há_D_SA_1_50__4_4____
_BQ_Bacharelado em Química_NH3903_Química Analítica Instrumental_2_4_6_Obrigatória_Obrigatória_Erro:512_N_SA_1_30__6_6_Úmido_Semanal__
_BQ_Bacharelado em Química_NH3902_Química Orgânica Aplicada_0_4_6_Obrigatória_Obrigatória_Não há_N_SA_1_30__4_4_Úmido_Semanal__
_BQ_Bacharelado em Química_NH3201_Trabalho de Conclusão de Curso em Química_2_0_2_Obrigatória_Obrigatória_Não há_N_SA_1_15__2_2____
_BQ_Bacharelado em Química_BC1328_Bioquímica Experimental_2_4_6_Obrigatória_Obrigatória_Não há_N_SA_1_30__6_6_Úmido_Semanal__
_BQ_Bacharelado em Química_NH3701_Mecanismos de Reações Orgânicas_4_0_6_Obrigatória_Obrigatória_Não há_N_SA_1_50__4_4____
_BQ_Bacharelado em Química_BC1401_Química Analítica Clássica I_4_2_6_Obrigatória_Obrigatória_Erro:512_N_SA_1_30__6_6_Úmido_Semanal__
_BQ_Bacharelado em Química_NH3907_Desenho e Projeto em Química_3_0_4_Opção Limitada_Opção Limitada_Não há_N_SA_1_50__3_3____
_BQ_Bacharelado em Química_EN3420_Tecnologia de Produção de Biodiesel_4_0_4_Opção Limitada_Opção Limitada_Não há_N_SA_1_50__4_4____
_BQ_Bacharelado em Química_NH3812_Química Ambiental_2_0_4_Opção Limitada_Opção Limitada_Não há_N_SA_1_50__2_2____
_BQ_Bacharelado em Química_NH3803_Estrutura da Matéria Avançada_4_0_4_Opção Limitada_Opção Limitada_Não há_D_SA_1_50__4_4____
_BQ_Bacharelado em Química_EN2105_Microbiologia Ambiental_3_1_4_Opção Limitada_Opção Limitada_Transformações Químicas; Transformações Bioquímicas; Transformações nos Seres Vivos e Ambiente_D_SA_1_30__4_4_Úmido_Quinzenal__
_BQ_Bacharelado em Química_EN3815_Síntese de Polímeros_3_1_4_Opção Limitada_Opção Limitada_Funções e Reações Orgânicas_N_SA_1_30__4_4_Úmido_Quinzenal__
_BQ_Bacharelado em Química_NH3002_Química Forense_4_2_6_Opção Limitada_Opção Limitada_Não há_D_SA_1_30__6_6_Úmido_Semanal__
_BQ_Bacharelado em Química_EN3305_Introdução à Biotecnologia_4_0_4_Opção Limitada_Opção Limitada_Cursar após o BC&T_N_SA_1_50__4_4____
_BRI_Bacharelado em Relações Internacionais_BH1336_História e Análise da Política Externa Brasileira_4_0_4_Obrigatória_Obrigatória_História das RI_D_SB_1_80_80_4_4____
_BRI_Bacharelado em Relações Internacionais_BH1336_História e Análise da Política Externa Brasileira_4_0_4_Obrigatória_Obrigatória_História das RI_N_SB_1_80_80_4_4____
_BRI_Bacharelado em Relações Internacionais_BH1153_"Globalização e os processos de integração regional"_4_0_4_Obrigatória_Obrigatória_RI & Globalização_D_SB_1_80_80_4_4____
_BRI_Bacharelado em Relações Internacionais_BH1553_"Globalização e os processos de integração regional"_4_0_4_Obrigatória_Obrigatória_RI & Globalização_N_SB_1_80_80_4_4____
_BRI_Bacharelado em Relações Internacionais_BH1340_Sistema ONU e os Desafios do Multilateralismo_4_0_4_Obrigatória_Obrigatória_Não há_D_SB_1_80_80_4_4____
_BRI_Bacharelado em Relações Internacionais_BH1340_Sistema ONU e os Desafios do Multilateralismo_4_0_4_Obrigatória_Obrigatória_Não há_N_SB_1_80_80_4_4____
_BRI_Bacharelado em Relações Internacionais_BH1331_Economia Política Internacional da Energia_4_0_4_Obrigatória_Obrigatória_Não há_D_SB_1_80_80_4_4____
_BRI_Bacharelado em Relações Internacionais_BH1331_Economia Política Internacional da Energia_4_0_4_Obrigatória_Obrigatória_Não há_N_SB_1_80_80_4_4____
_BRI_Bacharelado em Relações Internacionais_BH1156_Teorias Contemporâneas de RI_4_0_4_Obrigatória_Obrigatória_Não há_D_SB_1_80_80_4_4____
_BRI_Bacharelado em Relações Internacionais_BH1156_Teorias Contemporâneas de RI_4_0_4_Obrigatória_Obrigatória_Não há_N_SB_1_80_80_4_4____
_BRI_Bacharelado em Relações Internacionais_BH1339_Segurança Internacional em Perspectiva Histórica e Desafios Contemporâneos_4_0_4_Obrigatória_Obrigatória_Não há_D_SB_1_80_80_4_4____
_BRI_Bacharelado em Relações Internacionais_BH1339_Segurança Internacional em Perspectiva Histórica e Desafios Contemporâneos_4_0_4_Obrigatória_Obrigatória_Não há_N_SB_1_80_80_4_4____
_BRI_Bacharelado em Relações Internacionais_BH1228_Introdução ao Estudo do Direito_4_0_4_Obrigatória_Obrigatória_Não há_D_SB_1_80_80_4_4____
_BRI_Bacharelado em Relações Internacionais_BH1228_Introdução ao Estudo do Direito_4_0_4_Obrigatória_Obrigatória_Não há_N_SB_1_80_80_4_4____
_BRI_Bacharelado em Relações Internacionais_CS3314_Trajetória da Opep e da Agência Internacional de Energia_4_0_4_Opção Limitada_Opção Limitada_Não há_D_SB_1_40_40_4_4____
_EAERO_Engenharia Aeroespacial_EN2233_Técnicas de análise estrutural e projeto_3_1_4_obrigatória_obrigatória_Mecânica dos Sólidos_N_SA_1_60_60_4_4_informática_quinzenal__
_EAERO_Engenharia Aeroespacial_EN2230_Materiais compósitos e aplicações estruturais_4_0_4_obrigatória_obrigatória_Materiais e suas Propriedades_N_SA_1_60_60_4_4____
_EAERO_Engenharia Aeroespacial_EN2221_Vibrações_4_0_4_obrigatória_obrigatória_Álgebra Linear, Dinâmica I_D_SA_1_60_60_4_4____
_EAERO_Engenharia Aeroespacial_EN3237_Dinâmica II_4_0_4_obrigatória_obrigatória_Dinâmica I_D_SA_1_60_60_4_4____
_EAERO_Engenharia Aeroespacial_EN2704_Sistemas de Controle I_3_2_4_Obrigatória_Obrigatória_Transformadas em Sinais e Sistemas Lineares_D_SA_1_60_60_5_5_seco_quinzenal__
_EAERO_Engenharia Aeroespacial_EN2710_Sistemas de Controle II_3_2_4_Obrigatória_Obrigatória_Sistemas de Controle I_N_SA_1_60_60_5_5_seco_quinzenal__
_EAERO_Engenharia Aeroespacial_EN2231_Laboratório de guiagem, navegação e controle_0_4_4_obrigatória_obrigatória_Dinâmica e Controle de Veículos Espaciais_D_SA_1_30_30_4_4_seco_semanal__
_EAERO_Engenharia Aeroespacial_EN2222_Introdução à astronáutica_2_0_3_opção limitada_opção limitada_ _N_SB_1_60_60_2_2____
_EAERO_Engenharia Aeroespacial_EN2232_Estabilidade e controle de aeronaves_4_0_4_obrigatória_obrigatória_Desempenho de Aeronaves; Sistemas de Controle I_N_SA_1_60_60_4_4____
_EAERO_Engenharia Aeroespacial_BC1509_Transformadas em Sinais e Sistemas Lineares_4_0_4_obrigatória_obrigatória_Funções de Várias Variáveis_N_SA_1_60_60_4_4____
_EAERO_Engenharia Aeroespacial_EN3234_Aviônica_4_0_4_opção limitada_opção limitada_Circuitos Elétricos e Fotônica_D_SA_1_60_60_4_4____
_EAERO_Engenharia Aeroespacial_EN2210_Aeroelasticidade_4_0_5_Obrigatória_Obrigatória_Mecânica dos Sólidos I_D_SA_1_60_60_4_4____
_EAERO_Engenharia Aeroespacial_EN2411_Transferência de Calor II_3_1_4_Opção Limitada_Opção Limitada_Transferência de Calor I; Mecânica dos Fluidos II_D_SA_1_60_60_4_4_úmido_quinzenal__
_EAERO_Engenharia Aeroespacial_EN2227_Sistemas de propulsão I_3_1_5_obrigatória_obrigatória_Mecânica dos Fluidos Avançada; Máquinas de Fluxo_D_SA_1_60_60_4_4_úmido_quinzenal__
_EAERO_Engenharia Aeroespacial_EN2218_Escoamento Compressível_3_1_4_Obrigatória_Obrigatória_Mecânica dos Fluidos Viscosos_D_SA_1_60_60_4_4_úmido_quinzenal__
_EAERO_Engenharia Aeroespacial_EN2217_Mecânica dos Fluidos Viscosos_3_1_4_Obrigatória_Obrigatória_Mecânica dos Fluidos I_N_SA_1_60_60_4_4_úmido_quinzenal__
_EAERO_Engenharia Aeroespacial_EN2214_Combustão I_3_1_4_Obrigatória_Obrigatória_Termodinâmica Aplicada; Mecânica dos Fluidos Viscosos_N_SA_1_60_60_4_4_úmido_quinzenal__
_EAU_Engenharia Ambiental e Urbana_EN2113_Cartografia e Geoprocessamento_1_3_3_Obrigatória_Obrigatória_Não há_D_SA_1_30_30_4_4_INFORMÁTICA_SEMANAL_508-1_
_EAU_Engenharia Ambiental e Urbana_EN2113_Cartografia e Geoprocessamento_1_3_3_Obrigatória_Obrigatória_Não há_N_SA_1_30_30_4_4_INFORMÁTICA_SEMANAL_508-1_
_EAU_Engenharia Ambiental e Urbana_EN2127_Climatologia_3_0_4_Obrigatória_Obrigatória_Não há_D_SA_1_60_60_3_3____
_EAU_Engenharia Ambiental e Urbana_EN2127_Climatologia_3_0_4_Obrigatória_Obrigatória_Não há_N_SA_1_60_60_3_3____
_EAU_Engenharia Ambiental e Urbana_BC1332_Fundamentos de Geologia para Engenharia_3_1_3_Obrigatória_Obrigatória_Concomitante com Cartografia e Geoprocessamento_D_SA_1_60_60_4_4____
_EAU_Engenharia Ambiental e Urbana_BC1332_Fundamentos de Geologia para Engenharia_3_1_3_Obrigatória_Obrigatória_Concomitante com Cartografia e Geoprocessamento_N_SA_1_60_60_4_4____
_EAU_Engenharia Ambiental e Urbana_EN2109_Hidrologia_3_1_3_Obrigatória_Obrigatória_Introdução à Probabilidade e à Estatística; Cálculo Numérico; Cartografia e Geoprocessamento_D_SA_1_60_60_4_4____
_EAU_Engenharia Ambiental e Urbana_EN2109_Hidrologia_3_1_3_Obrigatória_Obrigatória_Introdução à Probabilidade e à Estatística; Cálculo Numérico; Cartografia e Geoprocessamento_N_SA_1_60_60_4_4____
_EAU_Engenharia Ambiental e Urbana_EN2115_Poluição Atmosférica_3_0_4_Obrigatória_Obrigatória_Transferência de Massa_D_SA_1_60_60_3_3____
_EAU_Engenharia Ambiental e Urbana_EN2115_Poluição Atmosférica_3_0_4_Obrigatória_Obrigatória_Transferência de Massa_N_SA_1_60_60_3_3____
_EAU_Engenharia Ambiental e Urbana_EN2136_Transportes e Mobilidade Urbana_2_0_4_Obrigatória_Obrigatória_Não há_D_SA_1_60_60_2_2____
_EAU_Engenharia Ambiental e Urbana_EN2136_Transportes e Mobilidade Urbana_2_0_4_Obrigatória_Obrigatória_Não há_N_SA_1_60_60_2_2____
_EAU_Engenharia Ambiental e Urbana_EN1103_Trabalho de Graduação I em Engenharia Ambiental e Urbana_0_2_4_Obrigatória_Obrigatória_-_D_SA_1_60_60_2_2____
_EAU_Engenharia Ambiental e Urbana_EN1103_Trabalho de Graduação I em Engenharia Ambiental e Urbana_0_2_4_Obrigatória_Obrigatória_-_N_SA_1_60_60_2_2____
_EAU_Engenharia Ambiental e Urbana_EN1104_Trabalho de Graduação II em Engenharia Ambiental e Urbana_0_2_4_Obrigatória_Obrigatória_Trabalho de Graduação I_D_SA_1_60_60_2_2____
_EAU_Engenharia Ambiental e Urbana_EN1104_Trabalho de Graduação II em Engenharia Ambiental e Urbana_0_2_4_Obrigatória_Obrigatória_Trabalho de Graduação I_N_SA_1_60_60_2_2____
_EAU_Engenharia Ambiental e Urbana_EN1105_Trabalho de Graduação III em Engenharia Ambiental e Urbana_0_2_4_Obrigatória_Obrigatória_Trabalho de Graduação II_D_SA_1_60_60_2_2____
_EAU_Engenharia Ambiental e Urbana_EN1105_Trabalho de Graduação III em Engenharia Ambiental e Urbana_0_2_4_Obrigatória_Obrigatória_Trabalho de Graduação II_N_SA_1_60_60_2_2____
_EAU_Engenharia Ambiental e Urbana_EN3117_Compostagem_1_1_2_Opção Limitada_Opção Limitada_Microbiologia Ambiental, Resíduos Sólidos_D_SA_1_60_60_2_2_ÚMIDO_SEMANAL__
_EAU_Engenharia Ambiental e Urbana_EN3117_Compostagem_1_1_2_Opção Limitada_Opção Limitada_Microbiologia Ambiental, Resíduos Sólidos_N_SA_1_60_60_2_2_ÚMIDO_SEMANAL__
_EAU_Engenharia Ambiental e Urbana_EN3113_Desenho Técnico Aplicado ao Planejamento Urbano-Ambiental_0_2_2_Opção Limitada_Opção Limitada_Fundamentos de Desenho e Projeto_D_SA_1_30_30_2_2____
_EAU_Engenharia Ambiental e Urbana_EN3113_Desenho Técnico Aplicado ao Planejamento Urbano-Ambiental_0_2_2_Opção Limitada_Opção Limitada_Fundamentos de Desenho e Projeto_N_SA_1_30_30_2_2____
_EAU_Engenharia Ambiental e Urbana_EN3115_Gestão Ambiental na Indústria_3_0_3_Opção Limitada_Opção Limitada_Não há_D_SA_1_60_60_3_3____
_EAU_Engenharia Ambiental e Urbana_EN3115_Gestão Ambiental na Indústria_3_0_3_Opção Limitada_Opção Limitada_Não há_N_SA_1_60_60_3_3____
_EBIO_Engenharia Biomédica_EN2319_Bases Biológicas para Engenharia I_3_2_5_Obrigatória_Obrigatória_Biologia Celular_D_SB_1_30_30_5_5____
_EBIO_Engenharia Biomédica_EN2319_Bases Biológicas para Engenharia I_3_2_5_Obrigatória_Obrigatória_Biologia Celular_N_SB_1_30_30_5_5____
_EBIO_Engenharia Biomédica_EN2703_Circuitos Elétricos I_3_2_4_Obrigatória_Obrigatória_Circuitos Elétricos e Fotônica_D_SB_1_30_30_5_5____
_EBIO_Engenharia Biomédica_EN2703_Circuitos Elétricos I_3_2_4_Obrigatória_Obrigatória_Circuitos Elétricos e Fotônica_N_SB_1_30_30_5_5____
_EBIO_Engenharia Biomédica_EN2323_Legislação relacionada à saúde_2_0_2_Obrigatória_Obrigatória_Bioética_D_SA_1_60_60_2_2____
_EBIO_Engenharia Biomédica_EN2323_Legislação relacionada à saúde_2_0_2_Obrigatória_Obrigatória_Bioética_N_SA_1_60_60_2_2____
_EBIO_Engenharia Biomédica_EN2325_Análise e controle de sistemas mecânicos_2_2_4_Obrigatória_Obrigatória_Modelagem, Simulação e Controle Aplicados a Sistemas Biológicos_D_SA_1_30_30_4_4____
_EBIO_Engenharia Biomédica_EN2325_Análise e controle de sistemas mecânicos_2_2_4_Obrigatória_Obrigatória_Modelagem, Simulação e Controle Aplicados a Sistemas Biológicos_N_SA_1_30_30_4_4____
_EBIO_Engenharia Biomédica_EN2333_Princípios e Aplicações de Biomecânica_2_2_4_Obrigatória_Obrigatória_Engenharia Aplicada a Sistemas Biológicos I_D_SA_1_30_30_4_4____
_EBIO_Engenharia Biomédica_EN2333_Princípios e Aplicações de Biomecânica_2_2_4_Obrigatória_Obrigatória_Engenharia Aplicada a Sistemas Biológicos I_N_SA_1_30_30_4_4____
_EBIO_Engenharia Biomédica_EN3325_Processamento de Sinais Biomédicos_2_2_4_Opção Limitada_Opção Limitada_Instrumentação Biomédica Avançada_D_SA_1_30_30_4_4____
_EBIO_Engenharia Biomédica_EN3326_Processamento e Análise de Falhas_3_2_5_Opção Limitada_Opção Limitada_Caracterização de Biomateriais_D_SA_1_30_30_5_5____
erro_EBIO_Engenharia Biomédica_BC1712_Introdução à Engenharia Biomédica_2_0_4_Opção Limitada_Opção Limitada_Não há_D_SA_1_60_60_2_2____
erro_EBIO_Engenharia Biomédica_BC1712_Introdução à Engenharia Biomédica_2_0_4_Opção Limitada_Opção Limitada_Não há_N_SA_1_60_60_2_2____
_EBIO_Engenharia Biomédica_EN3340_Engenharia Clínica_3_2_5_Opção Limitada_Opção Limitada_Equipamentos médico-hospitalares_N_SA_1_30_30_5_5____
_EBIO_Engenharia Biomédica_EN1301_Estágio Curricular I em Engenharia Biomédica_0_7_0_Obrigatória_Obrigatória_Não há__SA_1__60_3_3____
_EBIO_Engenharia Biomédica_EN1302_Estágio Curricular II em Engenharia Biomédica_0_7_0_Obrigatória_Obrigatória_Estágio Curricular I em Engenharia Biomédica__SA_1__60_3_3____
_EBIO_Engenharia Biomédica_EN1303_Trabalho de Graduação I em Engenharia Biomédica_0_2_4_Obrigatória_Obrigatória_Erro:512__SA_1__60_2_2____
_EBIO_Engenharia Biomédica_EN1304_Trabalho de Graduação II em Engenharia Biomédica_0_2_4_Obrigatória_Obrigatória_Trabalho de Graduação I em Engenharia Biomédica__SA_1__60_2_2____
_EBIO_Engenharia Biomédica_EN1305_Trabalho de Graduação III em Engenharia Biomédica_0_2_4_Obrigatória_Obrigatória_Trabalho de Graduação II em Engenharia Biomédica__SA_1__60_2_2____
_EENER_Engenharia de Energia_EN2703_Circuitos Elétricos I_3_2_4_Obrigatória_Obrigatória_Circuitos Elétricos e Fotônica_N_SA_1_60_60_5_5_Seco_Semanal__
_EENER_Engenharia de Energia_EN2412_Mecânica dos Fluidos II_3_1_5_Obrigatória_Obrigatória_Mecânica dos Fluidos I_N_SA_1_60_60_4_4____
_EENER_Engenharia de Energia_EN2419_Fontes Renováveis de Energia_4_0_4_Obrigatória_Obrigatória_Energia: Fontes e Tecnologias de Conversão_N_SA_1_60_60_4_4____
_EENER_Engenharia de Energia_EN2410_Transferência de Calor I_3_1_4_Obrigatória_Obrigatória_Fenômenos Térmicos; Funções de Várias Variáveis_N_SA_1_60_60_4_4____
_EENER_Engenharia de Energia_EN2705_Circuitos Elétricos II_3_2_4_Obrigatória_Obrigatória_Circuitos Elétricos I_N_SA_1_60_60_5_5_Seco_Semanal__
_EENER_Engenharia de Energia_EN2409_Operação de Sistemas Elétricos de Potência_3_1_4_Obrigatória_Obrigatória_Introdução aos Sistemas Elétricos de Potência_N_SA_1_60_60_4_4____
_EENER_Engenharia de Energia_EN2421_Análise Econômica de Projetos Energéticos_4_0_5_Obrigatória_Obrigatória_Engenharia Econômica_N_SA_1_60_60_4_4____
_EENER_Engenharia de Energia_EN2416_Energia, Meio Ambiente e Sociedade_4_0_5_Obrigatória_Obrigatória_Energia: Fontes e Tecnologias de Conversão_D_SA_1_60_60_4_4____
_EENER_Engenharia de Energia_EN2711_Máquinas Elétricas_3_2_4_Obrigatória_Obrigatória_Fundamentos de Máquinas Elétricas_D_SA_2_30_60_10_7____
_EENER_Engenharia de Energia_EN2406_Introdução aos Sistemas Elétricos de Potência_3_1_5_Obrigatória_Obrigatória_Circuitos Elétricos I_D_SA_1_60_60_4_4____
_EENER_Engenharia de Energia_EN2418_Economia da Energia_2_0_4_Obrigatória_Obrigatória_Energia: Fontes e Tecnologias de Conversão_D_SA_1_60_60_2_2____
_EENER_Engenharia de Energia_EN2411_Transferência de Calor II_3_1_4_Obrigatória_Obrigatória_Transferência de Calor I; Mecânica dos Fluidos II_D_SA_1_60_60_4_4____
_EENER_Engenharia de Energia_EN2404_Sistemas Térmicos_3_2_4_Obrigatória_Obrigatória_Termodinâmica Aplicada II_D_SA_2_30_60_10_7____
_EENER_Engenharia de Energia_SEM _Disciplinas novas de Opção limitada_4_0_4_Opção Limitada_Opção Limitada__D_SA_3_30_90_12_12____
_EENER_Engenharia de Energia_SEM _Disciplinas novas de Opção limitada_4_0_4_Opção Limitada_Opção Limitada__N_SA_4_30_120_16_16____
_EGEST_Engenharia de Gestão_EN2537_Sistemas e Processos de Produção_2_2_4_Obrigatória_Obrigatória_Introdução Processos Fabricação Metal-mecânico_N_SA_1_63_63_4_4____
_EGEST_Engenharia de Gestão_EN2520_Desenvolvimento Integrado do Produto_2_2_5_Obrigatória_Obrigatória_Gestão de Operações_N_SA_1_63_63_4_4____
_EGEST_Engenharia de Gestão_EN2510_Engenharia Logística_2_2_4_Obrigatória_Obrigatória_Planejamento e Controle de Produção_N_SA_1_63_63_4_4____
_EGEST_Engenharia de Gestão_EN2530_Organização do trabalho_3_1_4_Obrigatória_Obrigatória_Não há_N_SA_1_63_63_4_4____
_EGEST_Engenharia de Gestão_EN2534_Estatística Aplicada a Sistemas de Gestão_2_2_4_Obrigatória_Obrigatória_Não há_N_SA_1_63_63_4_4____
_EGEST_Engenharia de Gestão_EN2513_Propriedade Intelectual_2_2_4_Obrigatória_Obrigatória_Não há_N_SA_1_63_63_4_4____
_EGEST_Engenharia de Gestão_EN2516_Qualidade em Sistemas_4_0_5_Obrigatória_Obrigatória_Não há_N_SA_1_63_63_4_4____
_EGEST_Engenharia de Gestão_EN3524_Engenharia Humana_4_0_5_Opção Limitada_Opção Limitada_Engenharia Laboral_N_SA_1_63_63_4_4____
_EGEST_Engenharia de Gestão_EN3513_Clima e Cultura Organizacional_2_0_3_Opção Limitada_Opção Limitada_Organização do Trabalho_N_SA_1_63_63_2_2____
_EGEST_Engenharia de Gestão_EN2537_Sistemas e Processos de Produção_2_2_4_Obrigatória_Obrigatória_Introdução Processos Fabricação Metal-mecânico_D_SA_1_62_62_4_4____
_EGEST_Engenharia de Gestão_EN2520_Desenvolvimento Integrado do Produto_2_2_5_Obrigatória_Obrigatória_Gestão de Operações_D_SA_1_62_62_4_4____
_EGEST_Engenharia de Gestão_EN2510_Engenharia Logística_2_2_4_Obrigatória_Obrigatória_Planejamento e Controle de Produção_D_SA_1_62_62_4_4____
_EGEST_Engenharia de Gestão_EN2530_Organização do trabalho_3_1_4_Obrigatória_Obrigatória_Não há_D_SA_1_62_62_4_4____
_EGEST_Engenharia de Gestão_EN2534_Estatística Aplicada a Sistemas de Gestão_2_2_4_Obrigatória_Obrigatória_Não há_D_SA_1_62_62_4_4____
_EGEST_Engenharia de Gestão_EN2536_Introdução aos Processos de fabricação Metal-mecanico_4_2_4_Obrigatória_Obrigatória_Sistemas CAD/CAM_D_SA_1_62_62_6_6____
_EGEST_Engenharia de Gestão_EN2513_Propriedade Intelectual_2_2_4_Obrigatória_Obrigatória_Não há_D_SA_1_62_62_4_4____
_EGEST_Engenharia de Gestão_EN2516_Qualidade em Sistemas_4_0_5_Obrigatória_Obrigatória_Não há_D_SA_1_62_62_4_4____
_EGEST_Engenharia de Gestão_EN3524_Engenharia Humana_4_0_5_Opção Limitada_Opção Limitada_Engenharia Laboral_D_SA_1_62_62_4_4____
_EGEST_Engenharia de Gestão_EN3513_Clima e Cultura Organizacional_2_0_3_Opção Limitada_Opção Limitada_Organização do Trabalho_D_SA_1_62_62_2_2____
_EGEST_Engenharia de Gestão_EN3545_Gestão Estratégica e Organizacional_2_0_2_Opção Limitada_Opção Limitada_Não há_D_SA_1_62_62_2_2____
erro_EINF_Engenharia de Informação_EN2607_Transformadas em Sinais e Sistemas Lineares_4_0_4_Obrigatória_Obrigatória_Funções de Várias Variáveis_D_SA_1_60_60_4_4____
erro_EINF_Engenharia de Informação_EN2607_Transformadas em Sinais e Sistemas Lineares_4_0_4_Obrigatória_Obrigatória_Funções de Várias Variáveis_N_SA_1_60_60_4_4____
_EINF_Engenharia de Informação_EN2703_Circuitos Elétricos I_3_2_4_Obrigatória_Obrigatória_Circuitos Elétricos e Fotônica_D_SA_1_60_60_5_5_seco_quinzenal__
_EINF_Engenharia de Informação_EN2703_Circuitos Elétricos I_3_2_4_Obrigatória_Obrigatória_Circuitos Elétricos e Fotônica_N_SA_1_60_60_5_5_seco_quinzenal__
_EINF_Engenharia de Informação_EN2611_Comunicação Digital_3_1_4_Obrigatória_Obrigatória_Princípios de Comunicação; Sinais Aleatórios_D_SA_1_30_30_4_4_seco_quinzenal__
_EINF_Engenharia de Informação_EN2611_Comunicação Digital_3_1_4_Obrigatória_Obrigatória_Princípios de Comunicação; Sinais Aleatórios_N_SA_1_30_30_4_4_seco_quinzenal__
_EINF_Engenharia de Informação_EN2613_Ondas Eletromagnéticas Aplicadas_3_1_4_Obrigatória_Obrigatória_Fenômenos Eletromagnéticos_D_SA_1_30_30_4_4_seco_quinzenal__
_EINF_Engenharia de Informação_EN2613_Ondas Eletromagnéticas Aplicadas_3_1_4_Obrigatória_Obrigatória_Fenômenos Eletromagnéticos_N_SA_1_30_30_4_4_seco_quinzenal__
_EINF_Engenharia de Informação_EN2617_Sistemas Microprocessados_2_2_4_Obrigatória_Obrigatória_Eletrônica Digital_D_SA_1_60_60_4_4_seco_semanal__
_EINF_Engenharia de Informação_EN2617_Sistemas Microprocessados_2_2_4_Obrigatória_Obrigatória_Eletrônica Digital_N_SA_1_60_60_4_4_seco_semanal__
erro_EINF_Engenharia de Informação_EN2616_Comunicações Multimídia_2_1_4_Obrigatória_Obrigatória_Redes de Computadores; Processamento Digital de Sinais_D_SA_1_30_30_3_3_informática_quinzenal__
erro_EINF_Engenharia de Informação_EN2616_Comunicações Multimídia_2_1_4_Obrigatória_Obrigatória_Redes de Computadores; Processamento Digital de Sinais_N_SA_1_30_30_3_3_informática_quinzenal__
erro_EINF_Engenharia de Informação_EN2618_Projeto de Filtros Digitais_2_2_4_Opção Limitada_Opção Limitada_Processamento Digital de Sinais_D_SA_1_30_30_4_4_informática_semanal__
erro_EINF_Engenharia de Informação_EN2618_Projeto de Filtros Digitais_2_2_4_Opção Limitada_Opção Limitada_Processamento Digital de Sinais_N_SA_1_30_30_4_4_informática_semanal__
erro_EINF_Engenharia de Informação_EN3608_Redes de Alta Velocidade_3_1_4_Opção Limitada_Opção Limitada_Redes de Computadores_D_SA_1_30_30_4_4_informática_quinzenal__
erro_EINF_Engenharia de Informação_EN3608_Redes de Alta Velocidade_3_1_4_Opção Limitada_Opção Limitada_Redes de Computadores_N_SA_1_30_30_4_4_informática_quinzenal__
erro_EINF_Engenharia de Informação_EN1007_Trabalho de Graduação I_0_2_4_Obrigatória_Obrigatória_Não há_D_SA_1_30_30_2_2____
erro_EINF_Engenharia de Informação_En1007_Trabalho de Graduação I_0_2_4_Obrigatória_Obrigatória_Não há_N_SA_1_30_30_2_2____
_EINF_Engenharia de Informação_EN1601_Estágio Curricular I em Engenharia de Informação_0_7_0_Obrigatória_Obrigatória_Não há_D_SA_1_30_30_3_3____
_EINF_Engenharia de Informação_EN1601_Estágio Curricular I em Engenharia de Informação_0_7_0_Obrigatória_Obrigatória_Não há_N_SA_1_30_30_3_3____
erro_EINF_Engenharia de Informação_EN1008_Trabalho de Graduação II_0_2_4_Obrigatória_Obrigatória_Trabalho de Graduação I_D_SA_1_30_30_2_2____
erro_EINF_Engenharia de Informação_EN1008_Trabalho de Graduação II_0_2_4_Obrigatória_Obrigatória_Trabalho de Graduação I_N_SA_1_30_30_2_2____
_EINF_Engenharia de Informação_EN1602_Estágio Curricular II em Engenharia de Informação_0_7_0_Obrigatória_Obrigatória_Estágio Curricular I em Engenharia de Informação_D_SA_1_30_30_3_3____
_EINF_Engenharia de Informação_EN1602_Estágio Curricular II em Engenharia de Informação_0_7_0_Obrigatória_Obrigatória_Estágio Curricular I em Engenharia de Informação_N_SA_1_30_30_3_3____
erro_EINF_Engenharia de Informação_EN1009_Trabalho de Graduação III_0_2_4_Obrigatória_Obrigatória_Trabalho de Graduação II_D_SA_1_30_30_2_2____
erro_EINF_Engenharia de Informação_EN1009_Trabalho de Graduação III_0_2_4_Obrigatória_Obrigatória_Trabalho de Graduação II_N_SA_1_30_30_2_2____
_EIAR_Engenharia de Instrumentação, Automação e Robótica_EN2703_Circuitos Elétricos I_3_2_4_Obrigatória_Obrigatória_Circuitos Elétricos e Fotônica_N_SA_1_30_30_5_5_seco_semanal__
_EIAR_Engenharia de Instrumentação, Automação e Robótica_EN2711_Máquinas Elétricas_3_2_4_Obrigatória_Obrigatória_Fundamentos de Máquinas Elétricas_D_SA_1_30_30_5_5_seco_semanal__
_EIAR_Engenharia de Instrumentação, Automação e Robótica_EN2711_Máquinas Elétricas_3_2_4_Obrigatória_Obrigatória_Fundamentos de Máquinas Elétricas_N_SA_2_30_60_10_7_seco_semanal_(A1 e A2) uma turma de teoria com 60 alunos e duas turmas de lab. no mesmo horário com dois professores_
erro_EIAR_Engenharia de Instrumentação, Automação e Robótica_EN2710_Sistemas de Controle II_3_2_4_Obrigatória_Obrigatória_Sistemas de Controle I_D_SA_1_30_30_5_5_seco_semanal__
erro_EIAR_Engenharia de Instrumentação, Automação e Robótica_EN2710_Sistemas de Controle II_3_2_4_Obrigatória_Obrigatória_Sistemas de Controle I_N_SA_1_30_30_5_5_seco_semanal__
erro_EIAR_Engenharia de Instrumentação, Automação e Robótica_EN2715_Fundamentos de Robótica_3_1_4_Obrigatória_Obrigatória_Sistemas de Controle I_N_SA_1_20_20_4_4_seco_semanal__
erro_EIAR_Engenharia de Instrumentação, Automação e Robótica_EN2712_Sensores e Transdutores_3_1_4_Obrigatória_Obrigatória_Fundamentos de Eletrônica_D_SA_1_30_30_4_4_seco_quinzenal__
erro_EIAR_Engenharia de Instrumentação, Automação e Robótica_EN2712_Sensores e Transdutores_3_1_4_Obrigatória_Obrigatória_Fundamentos de Eletrônica_N_SA_1_30_30_4_4_seco_quinzenal__
_EIAR_Engenharia de Instrumentação, Automação e Robótica_EN2617_Sistemas Microprocessados_2_2_4_Obrigatória_Obrigatória_Eletrônica Digital_D_SA_1_30_30_4_4_seco_semanal__
_EIAR_Engenharia de Instrumentação, Automação e Robótica_EN2617_Sistemas Microprocessados_2_2_4_Obrigatória_Obrigatória_Eletrônica Digital_N_SA_1_30_30_4_4_seco_semanal__
_EIAR_Engenharia de Instrumentação, Automação e Robótica_EN3721_Teoria de Controle Ótimo_3_0_4_Opção Limitada_Opção Limitada_Introdução às Equações Diferenciais Ordinárias_D_SA_1_30_30_3_3_sem prática___
_EIAR_Engenharia de Instrumentação, Automação e Robótica_EN3721_Teoria de Controle Ótimo_3_0_4_Opção Limitada_Opção Limitada_Introdução às Equações Diferenciais Ordinárias_N_SA_1_30_30_3_3_sem prática___
_EIAR_Engenharia de Instrumentação, Automação e Robótica_EN3708_Sistemas de Controle III_3_2_4_Opção Limitada_Opção Limitada_Sistemas de Controle II_D_SA_1_30_30_5_5_seco_semanal__
_EIAR_Engenharia de Instrumentação, Automação e Robótica_EN3711_Controle Discreto_3_1_4_Opção Limitada_Opção Limitada_Sistemas de Controle II_D_SA_1_30_30_4_4_seco_quinzenal__
_EIAR_Engenharia de Instrumentação, Automação e Robótica_EN3724_Engenharia Óptica e Imagens_3_1_4_Opção Limitada_Opção Limitada_Circuitos Elétricos e Fotônica_D_SA_1_30_30_4_4_seco_quinzenal__
_EIAR_Engenharia de Instrumentação, Automação e Robótica_EN3724_Engenharia Óptica e Imagens_3_1_4_Opção Limitada_Opção Limitada_Circuitos Elétricos e Fotônica_N_SA_1_30_30_4_4_seco_quinzenal__
_EIAR_Engenharia de Instrumentação, Automação e Robótica_EN3727_Processadores Digitais em Controle e Automação_3_1_4_Opção Limitada_Opção Limitada_Processamento Digital de Sinais_D_SA_1_30_30_4_4_seco_quinzenal__
_EIAR_Engenharia de Instrumentação, Automação e Robótica_EN3723_Lógica Programável_3_1_4_Opção Limitada_Opção Limitada_Eletrônica Digital_D_SA_1_30_30_4_4_seco_quinzenal__
_EIAR_Engenharia de Instrumentação, Automação e Robótica_EN3723_Lógica Programável_3_1_4_Opção Limitada_Opção Limitada_Eletrônica Digital_N_SA_1_30_30_4_4_seco_quinzenal__
_EIAR_Engenharia de Instrumentação, Automação e Robótica_EN2405_Fundamentos de Máquinas Elétricas_2_2_5_Opção Limitada_Opção Limitada_Circuitos Elétricos I_N_SA_1_30_30_4_4_seco_semanal__
_EIAR_Engenharia de Instrumentação, Automação e Robótica_EN2716_Sistemas CAD/CAM_3_1_4_Obrigatória_Obrigatória_Fundamentos de Desenho e Projeto_D_SA_1_32_32_4_4_informática_semanal__
_EIAR_Engenharia de Instrumentação, Automação e Robótica_EN2716_Sistemas CAD/CAM_3_1_4_Obrigatória_Obrigatória_Fundamentos de Desenho e Projeto_N_SA_1_32_32_4_4_informática_semanal__
_EMAT_Engenharia de Materiais_NH3601_Funções e Reações Orgânicas_4_0_6_Obrigatória_Obrigatória_Não há_D_SA_1_60_60_4_4____
_EMAT_Engenharia de Materiais_NH3601_Funções e Reações Orgânicas_4_0_6_Obrigatória_Obrigatória_Não há_N_SA_1_60_60_4_4____
_EMAT_Engenharia de Materiais_EN2821_Tópicos Experimentais em Materiais I_0_4_4_Obrigatória_Obrigatória_Materiais e Suas Propriedades; Métodos Experimentais em Engenharia_N_SA_1_30_30_4_4_seco/úmido_semanal__
_EMAT_Engenharia de Materiais_EN2809_Tópicos Computacionais em Materiais_2_2_5_Obrigatória_Obrigatória_Cálculo Numérico; Materiais e Suas Propriedades_D_SA_1_30_30_4_4_informática_semanal__
_EMAT_Engenharia de Materiais_EN2809_Tópicos Computacionais em Materiais_2_2_5_Obrigatória_Obrigatória_Cálculo Numérico; Materiais e Suas Propriedades_N_SA_1_30_30_4_4_informática_semanal__
_EMAT_Engenharia de Materiais_EN2810_Ciência dos Materiais_4_0_4_Obrigatória_Obrigatória_Materiais e suas Propriedades_D_SA_1_60_60_4_4____
_EMAT_Engenharia de Materiais_EN2810_Ciência dos Materiais_4_0_4_Obrigatória_Obrigatória_Materiais e suas Propriedades_N_SA_1_60_60_4_4____
_EMAT_Engenharia de Materiais_EN2814_Materiais Compósitos_3_1_4_Obrigatória_Obrigatória_Materiais e suas Propriedades_N_SA_1_30_30_4_4_úmido_quinzenal__
_EMAT_Engenharia de Materiais_EN2816_Propriedades Mecânicas e Térmicas_3_1_4_Obrigatória_Obrigatória_Fenômenos Térmicos; Ciência dos Materiais_D_SA_1_30_30_4_4_seco_quinzenal__
_EMAT_Engenharia de Materiais_EN2816_Propriedades Mecânicas e Térmicas_3_1_4_Obrigatória_Obrigatória_Fenômenos Térmicos; Ciência dos Materiais_N_SA_1_30_30_4_4_seco_quinzenal__
_EMAT_Engenharia de Materiais_EN2817_Propriedades Elétricas, Magnéticas e Ópticas_3_1_4_Obrigatória_Obrigatória_Ciência dos Materiais_D_SA_1_30_30_4_4_seco_quinzenal__
_EMAT_Engenharia de Materiais_EN2817_Propriedades Elétricas, Magnéticas e Ópticas_3_1_4_Obrigatória_Obrigatória_Ciência dos Materiais_N_SA_1_30_30_4_4_seco_quinzenal__
_EMAT_Engenharia de Materiais_EN3801_Seminários em Materiais Avançados_2_0_2_Opção Limitada_Opção Limitada_Materiais e suas Propriedades; Ciência dos Materiais_N_SA_1_60_60_2_2____
_EMAT_Engenharia de Materiais_EN3805_Reciclagem e Ambiente_4_0_4_Opção Limitada_Opção Limitada_Materiais e suas Propriedades_N_SA_1_60_60_4_4____
_EMAT_Engenharia de Materiais_EN3807_Elementos Finitos Aplicados em Materiais_3_1_4_Opção Limitada_Opção Limitada_Tópicos Computacionais em Materiais_N_SA_1_30_30_4_4_informática_quinzenal__
_EMAT_Engenharia de Materiais_EN3812_Tecnologia de Elastômeros_4_0_4_Opção Limitada_Opção Limitada_Materiais Poliméricos; Química Orgânica de Materiais e Biomateriais_N_SA_1_60_60_4_4____
_EMAT_Engenharia de Materiais_EN3813_Engenharia de Polímeros_4_0_4_Opção Limitada_Opção Limitada_Materiais Poliméricos; Propriedades Mecânicas e Térmicas; Reologia I_N_SA_1_60_60_4_4____
_EMAT_Engenharia de Materiais_EN3819_Matérias Primas Cerâmicas_4_0_4_Opção Limitada_Opção Limitada_Materiais Cerâmicos_N_SA_1_60_60_4_4____
_EMAT_Engenharia de Materiais_EN3820_Cerâmicas Especiais e Refratárias_4_0_4_Opção Limitada_Opção Limitada_Materiais Cerâmicos_N_SA_1_60_60_4_4____
_EMAT_Engenharia de Materiais_EN3821_Metalurgia Física_4_0_4_Opção Limitada_Opção Limitada_Materiais Metálicos_N_SA_1_60_60_4_4____
_EMAT_Engenharia de Materiais_EN3826_Materiais para Tecnologia da Informação_4_0_4_Opção Limitada_Opção Limitada_Propriedades Elétricas, Magnéticas e Ópticas_N_SA_1_60_60_4_4____
_EMAT_Engenharia de Materiais_EN3829_Nanocompósitos_4_0_4_Opção Limitada_Opção Limitada_Nanociência e Nanotecnologia; Materiais Compósitos_N_SA_1_60_60_4_4____
_TE_Engenharias_BC1519_Circuitos Elétricos e Fotônica_3_1_5_Obrigatória_Obrigatória_Fenômenos Eletromagnéticos_D_SA_2_60_120_16_10_SECO_QUINZENAL__
_TE_Engenharias_BC1519_Circuitos Elétricos e Fotônica_3_1_5_Obrigatória_Obrigatória_Fenômenos Eletromagnéticos_N_SA_2_60_120_16_10_SECO_QUINZENAL__
_TE_Engenharias_BC1713_Engenharia Econômica_2_1_3_Obrigatória_Obrigatória_-_D_SA_2_60_120_6_6____
_TE_Engenharias_BC1713_Engenharia Econômica_2_1_3_Obrigatória_Obrigatória_-_N_SA_2_60_120_6_6____
_TE_Engenharias_EN1002_Engenharia Unificada I_0_3_5_Obrigatória_Obrigatória_-_D_SA_2_30_60_6_6_SECO_QUINZENAL__
_TE_Engenharias_EN1002_Engenharia Unificada I_0_3_5_Obrigatória_Obrigatória_-_N_SA_3_30_90_9_9_SECO_QUINZENAL__
_TE_Engenharias_EN1004_Engenharia Unificada II_0_3_5_Obrigatória_Obrigatória_-_D_SA_2_30_60_6_6_SECO_QUINZENAL__
_TE_Engenharias_EN1004_Engenharia Unificada II_0_3_5_Obrigatória_Obrigatória_-_N_SA_3_30_90_9_9_SECO_QUINZENAL__
_TE_Engenharias_BC1416_Fundamentos de Desenho e Projeto_1_3_4_Obrigatória_Obrigatória_Não há_D_SA_3_30_90_12_12_Informática_SEMANAL__
_TE_Engenharias_BC1416_Fundamentos de Desenho e Projeto_1_3_4_Obrigatória_Obrigatória_Não há_N_SA_3_30_90_12_12_Informática_SEMANAL__
_TE_Engenharias_BC1416_Fundamentos de Desenho e Projeto_1_3_4_Obrigatória_Obrigatória_Não há_D_SB_1_30_30_4_4_Informática_SEMANAL__
_TE_Engenharias_BC1416_Fundamentos de Desenho e Projeto_1_3_4_Obrigatória_Obrigatória_Não há_N_SB_1_30_30_4_4_Informática_SEMANAL__
_TE_Engenharias_BC1507_Instrumentação e Controle_3_1_5_Obrigatória_Obrigatória_Introdução às Equações Diferenciais Ordinárias; Circuitos Elétricos e Fotônica_D_SA_2_30_60_8_8_SECO_QUINZENAL__
_TE_Engenharias_BC1507_Instrumentação e Controle_3_1_5_Obrigatória_Obrigatória_Introdução às Equações Diferenciais Ordinárias; Circuitos Elétricos e Fotônica_N_SA_2_30_60_8_8_SECO_QUINZENAL__
_TE_Engenharias_BC1507_Instrumentação e Controle_3_1_5_Obrigatória_Obrigatória_Introdução às Equações Diferenciais Ordinárias; Circuitos Elétricos e Fotônica_N_SB_1_30_30_4_4_SECO_QUINZENAL__
_TE_Engenharias_BC1710_Introdução às Engenharias_2_0_4_Obrigatória_Obrigatória_Não há_D_SA_2_30_60_4_4____
_TE_Engenharias_BC1710_Introdução às Engenharias_2_0_4_Obrigatória_Obrigatória_Não há_N_SA_2_30_60_4_4____
_TE_Engenharias_BC1710_Introdução às Engenharias_2_0_4_Obrigatória_Obrigatória_Não há_D_SB_1_30_30_2_2____
_TE_Engenharias_BC1710_Introdução às Engenharias_2_0_4_Obrigatória_Obrigatória_Não há_N_SB_1_30_30_2_2____
_TE_Engenharias_BC1105_Materiais e Suas Propriedades_3_1_5_Obrigatória_Obrigatória_Não há_D_SA_4_60_240_32_20_SECO_QUINZENAL__
_TE_Engenharias_BC1105_Materiais e Suas Propriedades_3_1_5_Obrigatória_Obrigatória_Não há_N_SA_2_60_120_16_10_SECO_QUINZENAL__
_TE_Engenharias_BC1103_Mecânica dos Fluidos I_3_1_5_Obrigatória_Obrigatória_Fenômenos Térmicos_D_SA_1_90_90_4_4____
_TE_Engenharias_BC1103_Mecânica dos Fluidos I_3_1_5_Obrigatória_Obrigatória_Fenômenos Térmicos_N_SA_2_90_180_8_8____
_TE_Engenharias_BC1103_Mecânica dos Fluidos I_3_1_5_Obrigatória_Obrigatória_Fenômenos Térmicos_D_SB_1_90_90_4_4____
_TE_Engenharias_BC1104_Mecânica dos Sólidos I_3_1_5_Obrigatória_Obrigatória_Funções de Uma Variável; Fenômenos Mecânicos_D_SA_2_90_180_8_8____
_TE_Engenharias_BC1104_Mecânica dos Sólidos I_3_1_5_Obrigatória_Obrigatória_Funções de Uma Variável; Fenômenos Mecânicos_N_SA_2_90_180_8_8____
_TE_Engenharias_BC1104_Mecânica dos Sólidos I_3_1_5_Obrigatória_Obrigatória_Funções de Uma Variável; Fenômenos Mecânicos_D_SB_1_90_90_4_4____
_TE_Engenharias_BC1707_Métodos Experimentais em Engenharia_0_3_2_Obrigatória_Obrigatória_Circuitos Elétricos e Fotônica; Mecânica dos Fluidos I_D_SA_4_30_120_12_12_SECO_SEMANAL__
_TE_Engenharias_BC1707_Métodos Experimentais em Engenharia_0_3_2_Obrigatória_Obrigatória_Circuitos Elétricos e Fotônica; Mecânica dos Fluidos I_N_SA_4_30_120_12_12_SECO_SEMANAL__
_TE_Engenharias_BC1707_Métodos Experimentais em Engenharia_0_3_2_Obrigatória_Obrigatória_Circuitos Elétricos e Fotônica; Mecânica dos Fluidos I_D_SB_1_30_30_3_3_SECO_SEMANAL__
_TE_Engenharias_BC1707_Métodos Experimentais em Engenharia_0_3_2_Obrigatória_Obrigatória_Circuitos Elétricos e Fotônica; Mecânica dos Fluidos I_N_SB_1_30_30_3_3_SECO_SEMANAL__
_TE_Engenharias_BC1309_Termodinâmica Aplicada_3_1_5_Obrigatória_Obrigatória_Fenômenos Térmicos_D_SA_2_90_180_8_8____
_TE_Engenharias_BC1309_Termodinâmica Aplicada_3_1_5_Obrigatória_Obrigatória_Fenômenos Térmicos_N_SA_2_90_180_8_8____
_LCB_Licenciatura em Ciências Biológicas_NH4201_Práticas de Ensino de Biologia II_3_0_4_Obrigatória_Obrigatória_Não há_D_SA_1_20_20_3_3____
_LCB_Licenciatura em Ciências Biológicas_NH4201_Práticas de Ensino de Biologia II_3_0_4_Obrigatória_Obrigatória_Não há_N_SA_1_20_20_3_3____
_LCB_Licenciatura em Ciências Biológicas_BC1625_Práticas de Ensino de Ciências e Matemática no Ensino Fundamental_4_0_4_Obrigatória_Obrigatória_Não há_D_SA_1_40_40_4_4____
_LFIL_Licenciatura em Filosofia_BH1306_História da Filosofia Moderna: Perspectivas Racionalistas_4_0_4_Obrigatória_Obrigatória_Não há_D_SB_1_20_20_4_4____
_LFIL_Licenciatura em Filosofia_BH1306_História da Filosofia Moderna: Perspectivas Racionalistas_4_0_4_Obrigatória_Obrigatória_Não há_N_SB_1_20_20_4_4____
_LFIL_Licenciatura em Filosofia_BH1203_Ética_4_0_4_Obrigatória_Obrigatória_Não há_D_SB_1_20_20_4_4____
_LFIL_Licenciatura em Filosofia_BH1203_Ética_4_0_4_Obrigatória_Obrigatória_Não há_N_SB_1_20_20_4_4____
_LFIL_Licenciatura em Filosofia_BH1307_História da Filosofia Contemporânea: o Século XIX_4_0_4_Obrigatória_Obrigatória_Não há_D_SB_1_20_20_4_4____
_LFIL_Licenciatura em Filosofia_BH1307_História da Filosofia Contemporânea: o Século XIX_4_0_4_Obrigatória_Obrigatória_Não há_N_SB_1_20_20_4_4____
_LFIL_Licenciatura em Filosofia_BC1426_Lógica Básica_4_0_4_Obrigatória_Obrigatória_Bases Epistemológicas da Ciência Moderna; Funções de uma Variável_D_SB_1_20_20_4_4____
_LFIL_Licenciatura em Filosofia_BC1426_Lógica Básica_4_0_4_Obrigatória_Obrigatória_Bases Epistemológicas da Ciência Moderna; Funções de uma Variável_N_SB_1_20_20_4_4____
_LFIL_Licenciatura em Filosofia_NH5112_TEORIA CRÍTICA E ESCOLA DE FRANKFURT_4_0_4_Opção Limitada_Opção Limitada_Não há_D_SB_1_20_20_4_4____
_LFIL_Licenciatura em Filosofia_NH5112_TEORIA CRÍTICA E ESCOLA DE FRANKFURT_4_0_4_Opção Limitada_Opção Limitada_Não há_N_SB_1_20_20_4_4____
_LFIL_Licenciatura em Filosofia_BH1311_História da Filosofia Antiga: Aristóteles e o Aristotelismo_4_0_4_Obrigatória_Obrigatória_Não há_D_SB_1_20_20_4_4____
_LFIL_Licenciatura em Filosofia_BH1311_História da Filosofia Antiga: Aristóteles e o Aristotelismo_4_0_4_Obrigatória_Obrigatória_Não há_N_SB_1_20_20_4_4____
_LFIL_Licenciatura em Filosofia_BH1218_Filosofia Política_4_0_4_Obrigatória_Obrigatória_Não há_D_SB_1_20_20_4_4____
_LFIL_Licenciatura em Filosofia_BH1218_Filosofia Política_4_0_4_Obrigatória_Obrigatória_Não há_N_SB_1_20_20_4_4____
_LFIL_Licenciatura em Filosofia_BH1219_Problemas Metafísicos: Perspectivas Modernas_4_0_4_Obrigatória_Obrigatória_Não há_D_SB_1_20_20_4_4____
_LFIL_Licenciatura em Filosofia_BH1219_Problemas Metafísicos: Perspectivas Modernas_4_0_4_Obrigatória_Obrigatória_Não há_N_SB_1_20_20_4_4____
_LFIL_Licenciatura em Filosofia_NH5113_FILOSOFIA BRASILEIRA: HISTÓRIA E PROBLEMAS_4_0_4_Opção Limitada_Opção Limitada_Não há_D_SB_1_20_20_4_4____
_LFIL_Licenciatura em Filosofia_NH5113_FILOSOFIA BRASILEIRA: HISTÓRIA E PROBLEMAS_4_0_4_Opção Limitada_Opção Limitada_Não há_N_SB_1_20_20_4_4____
_LFIL_Licenciatura em Filosofia_BH1222_Prática de Ensino de Filosofia I_3_0_4_Obrigatória_Obrigatória_Não há_D_SB_1_40_40_3_3____
_LFIL_Licenciatura em Filosofia_BH1222_Prática de Ensino de Filosofia I_3_0_4_Obrigatória_Obrigatória_Não há_N_SB_1_40_40_3_3____
_LFIL_Licenciatura em Filosofia_NH4508_Estágio Supervisionado em Filosofia I_2_6_4_Obrigatória_Obrigatória_Não há_D_SB_1_40_40_3_3____
_LFIL_Licenciatura em Filosofia_NH4508_Estágio Supervisionado em Filosofia I_2_6_4_Obrigatória_Obrigatória_Não há_N_SB_1_40_40_3_3____
_LFIL_Licenciatura em Filosofia_BH1225_Prática de Ensino de Filosofia IV_3_0_4_Obrigatória_Obrigatória_Prática de Ensino de Filosofia I, II e III_D_SB_1_40_40_3_3____
_LFIL_Licenciatura em Filosofia_BH1225_Prática de Ensino de Filosofia IV_3_0_4_Obrigatória_Obrigatória_Prática de Ensino de Filosofia I, II e III_N_SB_1_40_40_3_3____
_LFIL_Licenciatura em Filosofia_NH4511_Estágio Supervisionado em Filosofia IV_2_6_4_Obrigatória_Obrigatória_Não há_D_SB_1_40_40_3_3____
_LFIL_Licenciatura em Filosofia_NH4511_Estágio Supervisionado em Filosofia IV_2_6_4_Obrigatória_Obrigatória_Não há_N_SB_1_40_40_3_3____
_LFIS_Licenciatura em Física_NH4202_Práticas de Ensino de Física II_3_0_4_Obrigatória_Obrigatória_Não há_D_SA_1_20_20_3_3____
_LFIS_Licenciatura em Física_NH4202_Práticas de Ensino de Física II_3_0_4_Obrigatória_Obrigatória_Não há_N_SA_1_20_20_3_3____
_LFIS_Licenciatura em Física_NH4252_Estágio Supervisionado em Física II (Nível Médio)_0_0_0_Obrigatória_Obrigatória_Não há_D_SA_1_20_20_3_3____
_LFIS_Licenciatura em Física_NH4252_Estágio Supervisionado em Física II (Nível Médio)_0_0_0_Obrigatória_Obrigatória_Não há_N_SA_1_20_20_3_3____
_LFIS_Licenciatura em Física_NH4297_Mecânica Geral_4_0_4_Obrigatória_Obrigatória_Não há_D_SA_1_35_35_4_4____
_LFIS_Licenciatura em Física_NH4297_Mecânica Geral_4_0_4_Obrigatória_Obrigatória_Não há_N_SA_1_35_35_4_4____
_LMAT_Licenciatura em Matemática_BC1625_Práticas de Ensino de Ciências e Matemática no Ensino Fundamental_4_0_4_Obrigatória_Obrigatória_Não há_D_SA_1_50_50_4_4_não há_não há__
_LMAT_Licenciatura em Matemática_BC1625_Práticas de Ensino de Ciências e Matemática no Ensino Fundamental_4_0_4_Obrigatória_Obrigatória_Não há_N_SA_1_50_50_4_4_não há_não há__
_LMAT_Licenciatura em Matemática_BC1624_Políticas Educacionais_3_0_3_Obrigatória_Obrigatória_Não há_D_SA_1_50_50_3_3_não há_não há__
_LMAT_Licenciatura em Matemática_BC1624_Políticas Educacionais_3_0_3_Obrigatória_Obrigatória_Não há_N_SA_1_50_50_3_3_não há_não há__
_LMAT_Licenciatura em Matemática_BC1437_Matemática Discreta_4_0_4_Obrigatória_Obrigatória_Funções de Uma Variável_D_SA_1_50_50_4_4_não há_não há__
_LMAT_Licenciatura em Matemática_BC1437_Matemática Discreta_4_0_4_Obrigatória_Obrigatória_Funções de Uma Variável_N_SA_1_50_50_4_4_não há_não há__
_LMAT_Licenciatura em Matemática_BC1499_Cálculo Numérico_4_0_4_Obrigatória_Obrigatória_Funções de Uma Variável; Processamento da Informação_D_SA_1_50_50_4_4_não há_não há__
_LMAT_Licenciatura em Matemática_BC1499_Cálculo Numérico_4_0_4_Obrigatória_Obrigatória_Funções de Uma Variável; Processamento da Informação_N_SA_1_50_50_4_4_não há_não há__
_LMAT_Licenciatura em Matemática_BC1438_Evolução dos Conceitos Matemáticos_4_0_4_Obrigatória_Obrigatória_Não há_D_SA_1_50_50_4_4_não há_não há__
_LMAT_Licenciatura em Matemática_BC1438_Evolução dos Conceitos Matemáticos_4_0_4_Obrigatória_Obrigatória_Não há_N_SA_1_50_50_4_4_não há_não há__
_LMAT_Licenciatura em Matemática_MC8206_Práticas de Ensino de Matemática II_3_0_4_Obrigatória_Obrigatória_Práticas de Ensino de Matemática I_D_SA_1_20_20_3_3_L401-2 - Laboratório de Práticas de Ensino de Matemática e Cognição_Semanal__
_LMAT_Licenciatura em Matemática_MC8206_Práticas de Ensino de Matemática II_3_0_4_Obrigatória_Obrigatória_Práticas de Ensino de Matemática I_N_SA_1_20_20_3_3_L401-2 - Laboratório de Práticas de Ensino de Matemática e Cognição_Semanal__
_LMAT_Licenciatura em Matemática_BC1628_Estágio Supervisionado I (Nível Fundamental)_0_0_0_Obrigatória_Obrigatória_Não há_D_SA_1_15_15_3_3_L401-2 - Laboratório de Práticas de Ensino de Matemática e Cognição_Quinzenal__
_LMAT_Licenciatura em Matemática_BC1628_Estágio Supervisionado I (Nível Fundamental)_0_0_0_Obrigatória_Obrigatória_Não há_N_SA_1_15_15_3_3_L401-2 - Laboratório de Práticas de Ensino de Matemática e Cognição_Quinzenal__
_LMAT_Licenciatura em Matemática_BC1629_Estágio Supervisionado II (Nível Fundamental)_0_0_0_Obrigatória_Obrigatória_Não há_D_SA_1_15_15_3_3_L401-2 - Laboratório de Práticas de Ensino de Matemática e Cognição_Quinzenal__
_LMAT_Licenciatura em Matemática_BC1629_Estágio Supervisionado II (Nível Fundamental)_0_0_0_Obrigatória_Obrigatória_Não há_N_SA_1_15_15_3_3_L401-2 - Laboratório de Práticas de Ensino de Matemática e Cognição_Quinzenal__
_LMAT_Licenciatura em Matemática_MC8150_Estágio Supervisionado em Matemática I (Nível Médio)_0_0_0_Obrigatória_Obrigatória_Não há_D_SA_1_15_15_3_3_L401-2 - Laboratório de Práticas de Ensino de Matemática e Cognição_Quinzenal__
_LMAT_Licenciatura em Matemática_MC8150_Estágio Supervisionado em Matemática I (Nível Médio)_0_0_0_Obrigatória_Obrigatória_Não há_N_SA_1_15_15_3_3_L401-2 - Laboratório de Práticas de Ensino de Matemática e Cognição_Quinzenal__
_LMAT_Licenciatura em Matemática_MC8250_Estágio Supervisionado em Matemática II (Nível Médio)_0_0_0_Obrigatória_Obrigatória_Não há_D_SA_1_15_15_3_3_L401-2 - Laboratório de Práticas de Ensino de Matemática e Cognição_Quinzenal__
_LMAT_Licenciatura em Matemática_MC8250_Estágio Supervisionado em Matemática II (Nível Médio)_0_0_0_Obrigatória_Obrigatória_Não há_N_SA_1_15_15_3_3_L401-2 - Laboratório de Práticas de Ensino de Matemática e Cognição_Quinzenal__
_LMAT_Licenciatura em Matemática_MC8350_Estágio Supervisionado em Matemática III (Nível Médio)_0_0_0_Obrigatória_Obrigatória_Não há_D_SA_1_15_15_3_3_L401-2 - Laboratório de Práticas de Ensino de Matemática e Cognição_Quinzenal__
_LMAT_Licenciatura em Matemática_MC8350_Estágio Supervisionado em Matemática III (Nível Médio)_0_0_0_Obrigatória_Obrigatória_Não há_N_SA_1_15_15_3_3_L401-2 - Laboratório de Práticas de Ensino de Matemática e Cognição_Quinzenal__
__LICENCIATURAS_BC1625_Práticas de Ensino de Ciências e Matemática no Ensino Fundamental_4_0_4_Obrigatória_Obrigatória_Não há_D_SA_1_35_35_4_4___RESP: LIC BIOLOGIA_
__LICENCIATURAS_BC1625_Práticas de Ensino de Ciências e Matemática no Ensino Fundamental_4_0_4_Obrigatória_Obrigatória_Não há_N_SA_1_35_35_4_4___RESP: LIC MATEMÁTICA_
__LICENCIATURAS_BC1624_Políticas Educacionais_3_0_3_Obrigatória_Obrigatória_Não há_D_SA_1_35_35_3_3___RESP: LIC FÍSICA_
__LICENCIATURAS_BC1624_Políticas Educacionais_3_0_3_Obrigatória_Obrigatória_Não há_N_SA_1_35_35_3_3___RESP: LIC MATEMÁTICA_
__LICENCIATURAS_BC1624_Políticas Educacionais_3_0_3_Obrigatória_Obrigatória_Não há_D_SB_1_35_35_3_3___RESP: LIC FILOSOFIA_
__LICENCIATURAS_NH4107_Questões Atuais no Ensino de Ciências_2_0_2_Opção Limitada / Livre_opção limitada_Não há_D_SA_1_35_35_2_2___RESP: LIC FÍSICA_
__LICENCIATURAS_NH4107_Questões Atuais no Ensino de Ciências_2_0_2_Opção Limitada / Livre_Opção Limitada_Não há_N_SA_2_35_70_4_4___RESP: LIC QUÍMICA E LIC FÍSICA_
__LICENCIATURAS_BC1624_Políticas Educacionais_3_0_3_Obrigatória_Obrigatória_Não há_N_SB_1_35_35_3_3___RESP: LIC FILOSOFIA_
__LICENCIATURAS_BC1628_Estágio Supervisionado I (Nível Fundamental)_0_0_0_Obrigatória_Obrigatória_Não há_D_SA_1_20_20_3_3___RESP: LIC BIOLOGIA_
__LICENCIATURAS_BC1628_Estágio Supervisionado I (Nível Fundamental)_0_0_0_Obrigatória_Obrigatória_Não há_N_SA_1_20_20_3_3___RESP: LIC MATEMÁTICA_
__LICENCIATURAS_BC1629_Estágio Supervisionado II (Nível Fundamental)_0_0_0_Obrigatória_Obrigatória_Não há_D_SA_1_20_20_3_3___RESP: LIC BIOLOGIA_
__LICENCIATURAS_BC1629_Estágio Supervisionado II (Nível Fundamental)_0_0_0_Obrigatória_Obrigatória_Não há_N_SA_1_20_20_3_3___RESP: LIC MATEMÁTICA_
_LQUIM_Licientatura em Química_NH4203_Práticas de Ensino de Química II_3_0_4_Obrigatória_Obrigatória_Não há_D_SA_1_25_25_3_3_ÚMIDO_SEMANAL__
_LQUIM_Licientatura em Química_NH4203_Práticas de Ensino de Química II_3_0_4_Obrigatória_Obrigatória_Não há_N_SA_1_25_25_3_3_ÚMIDO_SEMANAL__
_LQUIM_Licientatura em Química_NH4253_Estágio Supervisionado em Química II (Nível Médio)_0_0_0_Obrigatória_Obrigatória_Não há_D_SA_1_25_25_3_3____
_LQUIM_Licientatura em Química_NH4253_Estágio Supervisionado em Química II (Nível Médio)_0_0_0_Obrigatória_Obrigatória_Não há_N_SA_1_25_25_3_3____
_LQUIM_Licientatura em Química_NH4153_Estágio Supervisionado em Química I (Nível Médio)_0_0_0_Obrigatória_Obrigatória_Não há_D_SA_1_25_25_3_3____
_LQUIM_Licientatura em Química_NH4153_Estágio Supervisionado em Química I (Nível Médio)_0_0_0_Obrigatória_Obrigatória_Não há_N_SA_1_25_25_3_3____
_LQUIM_Licientatura em Química_NH3812_Química Ambiental_2_0_4_Opção Limitada_Opção Limitada_Não há_D_SA_1_25_25_2_2____
